case,model,mean,median,std,p2_5,p97_5
baseline_prior_ESS20,baseline,75.15603463919723,76.26721993596986,9.63727104027062,55.321470579315395,90.74351299486754
baseline_prior_ESS40,baseline,75.1198106743425,75.71855970916805,6.900446080572749,61.28502543391797,86.86554633254552
baseline_prior_ESS80,baseline,75.08924439183312,75.42057910552936,4.911751697184129,65.43631471452976,83.72193163907563
conservative,original_qwen,96.03788390273769,96.33717712584769,1.9215258970925626,91.62080645663346,98.8079152790692
conservative,trained_qwen,97.82581949869653,98.03521530850728,1.161891598295074,95.04886046630358,99.42828731024315
central,original_qwen,96.73643771180694,97.00639375781125,1.6472887610748568,92.95347401553241,99.05747119123687
central,trained_qwen,98.3641629528724,98.5463744874107,0.9592179767006173,96.0310893834245,99.6178775385219
optimistic,original_qwen,97.41769843692421,97.66425129128646,1.3842132084952148,94.13984813876665,99.34132414764792
optimistic,trained_qwen,98.89338146234681,99.05945720553146,0.778724643080612,96.83181346148918,99.82720227800857
