stage,class_name,n_gt,ap50,ap50_95,tp,fp,fn,precision,recall
initial,fall,933,0.9029832769782594,0.7326298487666346,,,,,
initial,fight,2439,0.9859804837175388,0.8026242366776778,,,,,
initial,gather,51,0.0,0.0,,,,,
initial,suicide,777,0.9883323477057893,0.8030659046896005,,,,,
initial,macro,4200,0.7193240271003969,0.5845799975334783,4029.0,431.0,171.0,0.9033632286995515,0.9592857142857143
final,fall,933,0.8879103288466544,0.720538210897707,,,,,
final,fight,2439,0.9859804837175388,0.8026242366776778,,,,,
final,gather,51,0.0,0.0,,,,,
final,suicide,777,0.9883323477057893,0.8030659046896005,,,,,
final,macro,4200,0.7155557900674956,0.5815570880662463,4029.0,223.0,171.0,0.9475540921919097,0.9592857142857143
