stage,class_name,recall,precision
initial,fall,0.0,1.0
initial,fall,0.01,0.9923664122137404
initial,fall,0.02,0.9923664122137404
initial,fall,0.03,0.9923664122137404
initial,fall,0.04,0.9923664122137404
initial,fall,0.05,0.9923664122137404
initial,fall,0.06,0.9923664122137404
initial,fall,0.07,0.9923664122137404
initial,fall,0.08,0.9923664122137404
initial,fall,0.09,0.9923664122137404
initial,fall,0.1,0.9923664122137404
initial,fall,0.11,0.9923664122137404
initial,fall,0.12,0.9923664122137404
initial,fall,0.13,0.9923664122137404
initial,fall,0.14,0.9873417721518988
initial,fall,0.15,0.9873417721518988
initial,fall,0.16,0.9873417721518988
initial,fall,0.17,0.9832402234636871
initial,fall,0.18,0.9832402234636871
initial,fall,0.19,0.9814814814814815
initial,fall,0.2,0.9814814814814815
initial,fall,0.21,0.9814814814814815
initial,fall,0.22,0.9814814814814815
initial,fall,0.23,0.9813519813519813
initial,fall,0.24,0.9813519813519813
initial,fall,0.25,0.9813519813519813
initial,fall,0.26,0.9813519813519813
initial,fall,0.27,0.9813519813519813
initial,fall,0.28,0.9813519813519813
initial,fall,0.29,0.9813519813519813
initial,fall,0.3,0.9813519813519813
initial,fall,0.31,0.9813519813519813
initial,fall,0.32,0.9813519813519813
initial,fall,0.33,0.9813519813519813
initial,fall,0.34,0.9813519813519813
initial,fall,0.35000000000000003,0.9813519813519813
initial,fall,0.36,0.9813519813519813
initial,fall,0.37,0.9813519813519813
initial,fall,0.38,0.9813519813519813
initial,fall,0.39,0.9813519813519813
initial,fall,0.4,0.9813519813519813
initial,fall,0.41000000000000003,0.9813519813519813
initial,fall,0.42,0.9813519813519813
initial,fall,0.43,0.9813519813519813
initial,fall,0.44,0.9813519813519813
initial,fall,0.45,0.9813519813519813
initial,fall,0.46,0.9796839729119639
initial,fall,0.47000000000000003,0.9795158286778398
initial,fall,0.48,0.9795158286778398
initial,fall,0.49,0.9795158286778398
initial,fall,0.5,0.9795158286778398
initial,fall,0.51,0.9795158286778398
initial,fall,0.52,0.9795158286778398
initial,fall,0.53,0.9795158286778398
initial,fall,0.54,0.9795158286778398
initial,fall,0.55,0.9795158286778398
initial,fall,0.56,0.9795158286778398
initial,fall,0.5700000000000001,0.9784172661870504
initial,fall,0.58,0.9784172661870504
initial,fall,0.59,0.9778534923339012
initial,fall,0.6,0.9778534923339012
initial,fall,0.61,0.9778534923339012
initial,fall,0.62,0.9776
initial,fall,0.63,0.9776
initial,fall,0.64,0.9776
initial,fall,0.65,0.9776
initial,fall,0.66,0.9764521193092621
initial,fall,0.67,0.9751937984496124
initial,fall,0.68,0.975
initial,fall,0.6900000000000001,0.975
initial,fall,0.7000000000000001,0.975
initial,fall,0.71,0.975
initial,fall,0.72,0.9745042492917847
initial,fall,0.73,0.9745042492917847
initial,fall,0.74,0.9732394366197183
initial,fall,0.75,0.9683195592286501
initial,fall,0.76,0.9679572763684913
initial,fall,0.77,0.9679572763684913
initial,fall,0.78,0.9673202614379085
initial,fall,0.79,0.9673202614379085
initial,fall,0.8,0.9657360406091371
initial,fall,0.81,0.9657360406091371
initial,fall,0.8200000000000001,0.9637952559300874
initial,fall,0.8300000000000001,0.9615861214374225
initial,fall,0.84,0.9568862275449102
initial,fall,0.85,0.9568862275449102
initial,fall,0.86,0.9560047562425684
initial,fall,0.87,0.9485981308411215
initial,fall,0.88,0.9341657207718501
initial,fall,0.89,0.6795366795366795
initial,fall,0.9,0.6795366795366795
initial,fall,0.91,0.6795366795366795
initial,fall,0.92,0.6795366795366795
initial,fall,0.93,0.6795366795366795
initial,fall,0.9400000000000001,0.6795366795366795
initial,fall,0.9500000000000001,0.0
initial,fall,0.96,0.0
initial,fall,0.97,0.0
initial,fall,0.98,0.0
initial,fall,0.99,0.0
initial,fall,1.0,0.0
initial,fight,0.0,1.0
initial,fight,0.01,1.0
initial,fight,0.02,1.0
initial,fight,0.03,1.0
initial,fight,0.04,0.9972222222222222
initial,fight,0.05,0.9972222222222222
initial,fight,0.06,0.9972222222222222
initial,fight,0.07,0.9972222222222222
initial,fight,0.08,0.9972222222222222
initial,fight,0.09,0.9972222222222222
initial,fight,0.1,0.9972222222222222
initial,fight,0.11,0.9972222222222222
initial,fight,0.12,0.9972222222222222
initial,fight,0.13,0.9972222222222222
initial,fight,0.14,0.9972222222222222
initial,fight,0.15,0.9964539007092199
initial,fight,0.16,0.9964539007092199
initial,fight,0.17,0.9964539007092199
initial,fight,0.18,0.9964539007092199
initial,fight,0.19,0.9964539007092199
initial,fight,0.2,0.9964539007092199
initial,fight,0.21,0.9964539007092199
initial,fight,0.22,0.9964539007092199
initial,fight,0.23,0.9964539007092199
initial,fight,0.24,0.9964539007092199
initial,fight,0.25,0.9964539007092199
initial,fight,0.26,0.9964539007092199
initial,fight,0.27,0.9964539007092199
initial,fight,0.28,0.9964539007092199
initial,fight,0.29,0.9964539007092199
initial,fight,0.3,0.9964539007092199
initial,fight,0.31,0.9964539007092199
initial,fight,0.32,0.9964539007092199
initial,fight,0.33,0.9964539007092199
initial,fight,0.34,0.9964539007092199
initial,fight,0.35000000000000003,0.9959555106167847
initial,fight,0.36,0.9959555106167847
initial,fight,0.37,0.9959555106167847
initial,fight,0.38,0.9959555106167847
initial,fight,0.39,0.9959555106167847
initial,fight,0.4,0.9959555106167847
initial,fight,0.41000000000000003,0.995136186770428
initial,fight,0.42,0.995079950799508
initial,fight,0.43,0.995079950799508
initial,fight,0.44,0.995079950799508
initial,fight,0.45,0.995079950799508
initial,fight,0.46,0.995079950799508
initial,fight,0.47000000000000003,0.995079950799508
initial,fight,0.48,0.995079950799508
initial,fight,0.49,0.995079950799508
initial,fight,0.5,0.995079950799508
initial,fight,0.51,0.995079950799508
initial,fight,0.52,0.995079950799508
initial,fight,0.53,0.995079950799508
initial,fight,0.54,0.995079950799508
initial,fight,0.55,0.995079950799508
initial,fight,0.56,0.995079950799508
initial,fight,0.5700000000000001,0.995079950799508
initial,fight,0.58,0.995079950799508
initial,fight,0.59,0.995079950799508
initial,fight,0.6,0.995079950799508
initial,fight,0.61,0.995079950799508
initial,fight,0.62,0.995079950799508
initial,fight,0.63,0.995079950799508
initial,fight,0.64,0.995079950799508
initial,fight,0.65,0.995079950799508
initial,fight,0.66,0.995079950799508
initial,fight,0.67,0.995079950799508
initial,fight,0.68,0.995079950799508
initial,fight,0.6900000000000001,0.995079950799508
initial,fight,0.7000000000000001,0.995079950799508
initial,fight,0.71,0.995079950799508
initial,fight,0.72,0.995079950799508
initial,fight,0.73,0.995079950799508
initial,fight,0.74,0.995079950799508
initial,fight,0.75,0.995079950799508
initial,fight,0.76,0.995079950799508
initial,fight,0.77,0.995079950799508
initial,fight,0.78,0.995079950799508
initial,fight,0.79,0.995079950799508
initial,fight,0.8,0.995079950799508
initial,fight,0.81,0.995079950799508
initial,fight,0.8200000000000001,0.995079950799508
initial,fight,0.8300000000000001,0.995079950799508
initial,fight,0.84,0.995079950799508
initial,fight,0.85,0.995079950799508
initial,fight,0.86,0.995079950799508
initial,fight,0.87,0.995079950799508
initial,fight,0.88,0.995079950799508
initial,fight,0.89,0.995079950799508
initial,fight,0.9,0.995079950799508
initial,fight,0.91,0.995079950799508
initial,fight,0.92,0.995079950799508
initial,fight,0.93,0.995079950799508
initial,fight,0.9400000000000001,0.995079950799508
initial,fight,0.9500000000000001,0.995079950799508
initial,fight,0.96,0.995079950799508
initial,fight,0.97,0.995079950799508
initial,fight,0.98,0.995079950799508
initial,fight,0.99,0.995079950799508
initial,fight,1.0,0.0
initial,gather,0.0,0.0
initial,gather,0.01,0.0
initial,gather,0.02,0.0
initial,gather,0.03,0.0
initial,gather,0.04,0.0
initial,gather,0.05,0.0
initial,gather,0.06,0.0
initial,gather,0.07,0.0
initial,gather,0.08,0.0
initial,gather,0.09,0.0
initial,gather,0.1,0.0
initial,gather,0.11,0.0
initial,gather,0.12,0.0
initial,gather,0.13,0.0
initial,gather,0.14,0.0
initial,gather,0.15,0.0
initial,gather,0.16,0.0
initial,gather,0.17,0.0
initial,gather,0.18,0.0
initial,gather,0.19,0.0
initial,gather,0.2,0.0
initial,gather,0.21,0.0
initial,gather,0.22,0.0
initial,gather,0.23,0.0
initial,gather,0.24,0.0
initial,gather,0.25,0.0
initial,gather,0.26,0.0
initial,gather,0.27,0.0
initial,gather,0.28,0.0
initial,gather,0.29,0.0
initial,gather,0.3,0.0
initial,gather,0.31,0.0
initial,gather,0.32,0.0
initial,gather,0.33,0.0
initial,gather,0.34,0.0
initial,gather,0.35000000000000003,0.0
initial,gather,0.36,0.0
initial,gather,0.37,0.0
initial,gather,0.38,0.0
initial,gather,0.39,0.0
initial,gather,0.4,0.0
initial,gather,0.41000000000000003,0.0
initial,gather,0.42,0.0
initial,gather,0.43,0.0
initial,gather,0.44,0.0
initial,gather,0.45,0.0
initial,gather,0.46,0.0
initial,gather,0.47000000000000003,0.0
initial,gather,0.48,0.0
initial,gather,0.49,0.0
initial,gather,0.5,0.0
initial,gather,0.51,0.0
initial,gather,0.52,0.0
initial,gather,0.53,0.0
initial,gather,0.54,0.0
initial,gather,0.55,0.0
initial,gather,0.56,0.0
initial,gather,0.5700000000000001,0.0
initial,gather,0.58,0.0
initial,gather,0.59,0.0
initial,gather,0.6,0.0
initial,gather,0.61,0.0
initial,gather,0.62,0.0
initial,gather,0.63,0.0
initial,gather,0.64,0.0
initial,gather,0.65,0.0
initial,gather,0.66,0.0
initial,gather,0.67,0.0
initial,gather,0.68,0.0
initial,gather,0.6900000000000001,0.0
initial,gather,0.7000000000000001,0.0
initial,gather,0.71,0.0
initial,gather,0.72,0.0
initial,gather,0.73,0.0
initial,gather,0.74,0.0
initial,gather,0.75,0.0
initial,gather,0.76,0.0
initial,gather,0.77,0.0
initial,gather,0.78,0.0
initial,gather,0.79,0.0
initial,gather,0.8,0.0
initial,gather,0.81,0.0
initial,gather,0.8200000000000001,0.0
initial,gather,0.8300000000000001,0.0
initial,gather,0.84,0.0
initial,gather,0.85,0.0
initial,gather,0.86,0.0
initial,gather,0.87,0.0
initial,gather,0.88,0.0
initial,gather,0.89,0.0
initial,gather,0.9,0.0
initial,gather,0.91,0.0
initial,gather,0.92,0.0
initial,gather,0.93,0.0
initial,gather,0.9400000000000001,0.0
initial,gather,0.9500000000000001,0.0
initial,gather,0.96,0.0
initial,gather,0.97,0.0
initial,gather,0.98,0.0
initial,gather,0.99,0.0
initial,gather,1.0,0.0
initial,suicide,0.0,1.0
initial,suicide,0.01,1.0
initial,suicide,0.02,1.0
initial,suicide,0.03,1.0
initial,suicide,0.04,1.0
initial,suicide,0.05,1.0
initial,suicide,0.06,1.0
initial,suicide,0.07,1.0
initial,suicide,0.08,1.0
initial,suicide,0.09,1.0
initial,suicide,0.1,1.0
initial,suicide,0.11,1.0
initial,suicide,0.12,1.0
initial,suicide,0.13,1.0
initial,suicide,0.14,1.0
initial,suicide,0.15,1.0
initial,suicide,0.16,1.0
initial,suicide,0.17,1.0
initial,suicide,0.18,1.0
initial,suicide,0.19,1.0
initial,suicide,0.2,1.0
initial,suicide,0.21,1.0
initial,suicide,0.22,1.0
initial,suicide,0.23,1.0
initial,suicide,0.24,1.0
initial,suicide,0.25,1.0
initial,suicide,0.26,1.0
initial,suicide,0.27,1.0
initial,suicide,0.28,1.0
initial,suicide,0.29,1.0
initial,suicide,0.3,1.0
initial,suicide,0.31,1.0
initial,suicide,0.32,1.0
initial,suicide,0.33,1.0
initial,suicide,0.34,1.0
initial,suicide,0.35000000000000003,1.0
initial,suicide,0.36,1.0
initial,suicide,0.37,1.0
initial,suicide,0.38,1.0
initial,suicide,0.39,1.0
initial,suicide,0.4,1.0
initial,suicide,0.41000000000000003,1.0
initial,suicide,0.42,0.9973474801061007
initial,suicide,0.43,0.9973474801061007
initial,suicide,0.44,0.9973474801061007
initial,suicide,0.45,0.9973474801061007
initial,suicide,0.46,0.9973474801061007
initial,suicide,0.47000000000000003,0.9973474801061007
initial,suicide,0.48,0.9973474801061007
initial,suicide,0.49,0.9971181556195965
initial,suicide,0.5,0.9971181556195965
initial,suicide,0.51,0.9971181556195965
initial,suicide,0.52,0.9971181556195965
initial,suicide,0.53,0.9971181556195965
initial,suicide,0.54,0.9971181556195965
initial,suicide,0.55,0.9971181556195965
initial,suicide,0.56,0.9971181556195965
initial,suicide,0.5700000000000001,0.9971181556195965
initial,suicide,0.58,0.9971181556195965
initial,suicide,0.59,0.9971181556195965
initial,suicide,0.6,0.9971181556195965
initial,suicide,0.61,0.9971181556195965
initial,suicide,0.62,0.9971181556195965
initial,suicide,0.63,0.9971181556195965
initial,suicide,0.64,0.9971181556195965
initial,suicide,0.65,0.9971181556195965
initial,suicide,0.66,0.9971181556195965
initial,suicide,0.67,0.9971181556195965
initial,suicide,0.68,0.9971181556195965
initial,suicide,0.6900000000000001,0.9971181556195965
initial,suicide,0.7000000000000001,0.9971181556195965
initial,suicide,0.71,0.9971181556195965
initial,suicide,0.72,0.9971181556195965
initial,suicide,0.73,0.9971181556195965
initial,suicide,0.74,0.9971181556195965
initial,suicide,0.75,0.9971181556195965
initial,suicide,0.76,0.9971181556195965
initial,suicide,0.77,0.9971181556195965
initial,suicide,0.78,0.9971181556195965
initial,suicide,0.79,0.9971181556195965
initial,suicide,0.8,0.9971181556195965
initial,suicide,0.81,0.9971181556195965
initial,suicide,0.8200000000000001,0.9971181556195965
initial,suicide,0.8300000000000001,0.9971181556195965
initial,suicide,0.84,0.9971181556195965
initial,suicide,0.85,0.9971181556195965
initial,suicide,0.86,0.9971181556195965
initial,suicide,0.87,0.9971181556195965
initial,suicide,0.88,0.9971181556195965
initial,suicide,0.89,0.9971181556195965
initial,suicide,0.9,0.9960732984293194
initial,suicide,0.91,0.9960732984293194
initial,suicide,0.92,0.9960732984293194
initial,suicide,0.93,0.9960732984293194
initial,suicide,0.9400000000000001,0.9960732984293194
initial,suicide,0.9500000000000001,0.9960732984293194
initial,suicide,0.96,0.9960732984293194
initial,suicide,0.97,0.9960732984293194
initial,suicide,0.98,0.9948519948519948
initial,suicide,0.99,0.9948519948519948
initial,suicide,1.0,0.0
final,fall,0.0,0.9582366589327146
final,fall,0.01,0.9582366589327146
final,fall,0.02,0.9582366589327146
final,fall,0.03,0.9582366589327146
final,fall,0.04,0.9582366589327146
final,fall,0.05,0.9582366589327146
final,fall,0.06,0.9582366589327146
final,fall,0.07,0.9582366589327146
final,fall,0.08,0.9582366589327146
final,fall,0.09,0.9582366589327146
final,fall,0.1,0.9582366589327146
final,fall,0.11,0.9582366589327146
final,fall,0.12,0.9582366589327146
final,fall,0.13,0.9582366589327146
final,fall,0.14,0.9582366589327146
final,fall,0.15,0.9582366589327146
final,fall,0.16,0.9582366589327146
final,fall,0.17,0.9582366589327146
final,fall,0.18,0.9582366589327146
final,fall,0.19,0.9582366589327146
final,fall,0.2,0.9582366589327146
final,fall,0.21,0.9582366589327146
final,fall,0.22,0.9582366589327146
final,fall,0.23,0.9582366589327146
final,fall,0.24,0.9582366589327146
final,fall,0.25,0.9582366589327146
final,fall,0.26,0.9582366589327146
final,fall,0.27,0.9582366589327146
final,fall,0.28,0.9582366589327146
final,fall,0.29,0.9582366589327146
final,fall,0.3,0.9582366589327146
final,fall,0.31,0.9582366589327146
final,fall,0.32,0.9582366589327146
final,fall,0.33,0.9582366589327146
final,fall,0.34,0.9582366589327146
final,fall,0.35000000000000003,0.9582366589327146
final,fall,0.36,0.9582366589327146
final,fall,0.37,0.9582366589327146
final,fall,0.38,0.9582366589327146
final,fall,0.39,0.9582366589327146
final,fall,0.4,0.9582366589327146
final,fall,0.41000000000000003,0.9582366589327146
final,fall,0.42,0.9582366589327146
final,fall,0.43,0.9582366589327146
final,fall,0.44,0.9582366589327146
final,fall,0.45,0.9573770491803278
final,fall,0.46,0.9573770491803278
final,fall,0.47000000000000003,0.9573770491803278
final,fall,0.48,0.9573770491803278
final,fall,0.49,0.9573770491803278
final,fall,0.5,0.9573770491803278
final,fall,0.51,0.9573770491803278
final,fall,0.52,0.9573770491803278
final,fall,0.53,0.9573770491803278
final,fall,0.54,0.9573770491803278
final,fall,0.55,0.9573770491803278
final,fall,0.56,0.9573770491803278
final,fall,0.5700000000000001,0.9573770491803278
final,fall,0.58,0.9573770491803278
final,fall,0.59,0.9573770491803278
final,fall,0.6,0.9573770491803278
final,fall,0.61,0.9573770491803278
final,fall,0.62,0.9573770491803278
final,fall,0.63,0.9569377990430622
final,fall,0.64,0.9569377990430622
final,fall,0.65,0.9546165884194053
final,fall,0.66,0.9509954058192955
final,fall,0.67,0.9484848484848485
final,fall,0.68,0.9451038575667656
final,fall,0.6900000000000001,0.9446064139941691
final,fall,0.7000000000000001,0.9431216931216931
final,fall,0.71,0.9431216931216931
final,fall,0.72,0.9431216931216931
final,fall,0.73,0.9431216931216931
final,fall,0.74,0.9431216931216931
final,fall,0.75,0.9431216931216931
final,fall,0.76,0.9431216931216931
final,fall,0.77,0.9413265306122449
final,fall,0.78,0.9413265306122449
final,fall,0.79,0.9413265306122449
final,fall,0.8,0.9402241594022416
final,fall,0.81,0.9396551724137931
final,fall,0.8200000000000001,0.9377289377289377
final,fall,0.8300000000000001,0.9349397590361446
final,fall,0.84,0.933649289099526
final,fall,0.85,0.9332552693208431
final,fall,0.86,0.9317919075144508
final,fall,0.87,0.923950056753689
final,fall,0.88,0.9093922651933701
final,fall,0.89,0.8095676172953082
final,fall,0.9,0.8095676172953082
final,fall,0.91,0.8095676172953082
final,fall,0.92,0.8095676172953082
final,fall,0.93,0.8095676172953082
final,fall,0.9400000000000001,0.8095676172953082
final,fall,0.9500000000000001,0.0
final,fall,0.96,0.0
final,fall,0.97,0.0
final,fall,0.98,0.0
final,fall,0.99,0.0
final,fall,1.0,0.0
final,fight,0.0,1.0
final,fight,0.01,1.0
final,fight,0.02,1.0
final,fight,0.03,1.0
final,fight,0.04,0.9972222222222222
final,fight,0.05,0.9972222222222222
final,fight,0.06,0.9972222222222222
final,fight,0.07,0.9972222222222222
final,fight,0.08,0.9972222222222222
final,fight,0.09,0.9972222222222222
final,fight,0.1,0.9972222222222222
final,fight,0.11,0.9972222222222222
final,fight,0.12,0.9972222222222222
final,fight,0.13,0.9972222222222222
final,fight,0.14,0.9972222222222222
final,fight,0.15,0.9964539007092199
final,fight,0.16,0.9964539007092199
final,fight,0.17,0.9964539007092199
final,fight,0.18,0.9964539007092199
final,fight,0.19,0.9964539007092199
final,fight,0.2,0.9964539007092199
final,fight,0.21,0.9964539007092199
final,fight,0.22,0.9964539007092199
final,fight,0.23,0.9964539007092199
final,fight,0.24,0.9964539007092199
final,fight,0.25,0.9964539007092199
final,fight,0.26,0.9964539007092199
final,fight,0.27,0.9964539007092199
final,fight,0.28,0.9964539007092199
final,fight,0.29,0.9964539007092199
final,fight,0.3,0.9964539007092199
final,fight,0.31,0.9964539007092199
final,fight,0.32,0.9964539007092199
final,fight,0.33,0.9964539007092199
final,fight,0.34,0.9964539007092199
final,fight,0.35000000000000003,0.9959555106167847
final,fight,0.36,0.9959555106167847
final,fight,0.37,0.9959555106167847
final,fight,0.38,0.9959555106167847
final,fight,0.39,0.9959555106167847
final,fight,0.4,0.9959555106167847
final,fight,0.41000000000000003,0.995136186770428
final,fight,0.42,0.995079950799508
final,fight,0.43,0.995079950799508
final,fight,0.44,0.995079950799508
final,fight,0.45,0.995079950799508
final,fight,0.46,0.995079950799508
final,fight,0.47000000000000003,0.995079950799508
final,fight,0.48,0.995079950799508
final,fight,0.49,0.995079950799508
final,fight,0.5,0.995079950799508
final,fight,0.51,0.995079950799508
final,fight,0.52,0.995079950799508
final,fight,0.53,0.995079950799508
final,fight,0.54,0.995079950799508
final,fight,0.55,0.995079950799508
final,fight,0.56,0.995079950799508
final,fight,0.5700000000000001,0.995079950799508
final,fight,0.58,0.995079950799508
final,fight,0.59,0.995079950799508
final,fight,0.6,0.995079950799508
final,fight,0.61,0.995079950799508
final,fight,0.62,0.995079950799508
final,fight,0.63,0.995079950799508
final,fight,0.64,0.995079950799508
final,fight,0.65,0.995079950799508
final,fight,0.66,0.995079950799508
final,fight,0.67,0.995079950799508
final,fight,0.68,0.995079950799508
final,fight,0.6900000000000001,0.995079950799508
final,fight,0.7000000000000001,0.995079950799508
final,fight,0.71,0.995079950799508
final,fight,0.72,0.995079950799508
final,fight,0.73,0.995079950799508
final,fight,0.74,0.995079950799508
final,fight,0.75,0.995079950799508
final,fight,0.76,0.995079950799508
final,fight,0.77,0.995079950799508
final,fight,0.78,0.995079950799508
final,fight,0.79,0.995079950799508
final,fight,0.8,0.995079950799508
final,fight,0.81,0.995079950799508
final,fight,0.8200000000000001,0.995079950799508
final,fight,0.8300000000000001,0.995079950799508
final,fight,0.84,0.995079950799508
final,fight,0.85,0.995079950799508
final,fight,0.86,0.995079950799508
final,fight,0.87,0.995079950799508
final,fight,0.88,0.995079950799508
final,fight,0.89,0.995079950799508
final,fight,0.9,0.995079950799508
final,fight,0.91,0.995079950799508
final,fight,0.92,0.995079950799508
final,fight,0.93,0.995079950799508
final,fight,0.9400000000000001,0.995079950799508
final,fight,0.9500000000000001,0.995079950799508
final,fight,0.96,0.995079950799508
final,fight,0.97,0.995079950799508
final,fight,0.98,0.995079950799508
final,fight,0.99,0.995079950799508
final,fight,1.0,0.0
final,gather,0.0,0.0
final,gather,0.01,0.0
final,gather,0.02,0.0
final,gather,0.03,0.0
final,gather,0.04,0.0
final,gather,0.05,0.0
final,gather,0.06,0.0
final,gather,0.07,0.0
final,gather,0.08,0.0
final,gather,0.09,0.0
final,gather,0.1,0.0
final,gather,0.11,0.0
final,gather,0.12,0.0
final,gather,0.13,0.0
final,gather,0.14,0.0
final,gather,0.15,0.0
final,gather,0.16,0.0
final,gather,0.17,0.0
final,gather,0.18,0.0
final,gather,0.19,0.0
final,gather,0.2,0.0
final,gather,0.21,0.0
final,gather,0.22,0.0
final,gather,0.23,0.0
final,gather,0.24,0.0
final,gather,0.25,0.0
final,gather,0.26,0.0
final,gather,0.27,0.0
final,gather,0.28,0.0
final,gather,0.29,0.0
final,gather,0.3,0.0
final,gather,0.31,0.0
final,gather,0.32,0.0
final,gather,0.33,0.0
final,gather,0.34,0.0
final,gather,0.35000000000000003,0.0
final,gather,0.36,0.0
final,gather,0.37,0.0
final,gather,0.38,0.0
final,gather,0.39,0.0
final,gather,0.4,0.0
final,gather,0.41000000000000003,0.0
final,gather,0.42,0.0
final,gather,0.43,0.0
final,gather,0.44,0.0
final,gather,0.45,0.0
final,gather,0.46,0.0
final,gather,0.47000000000000003,0.0
final,gather,0.48,0.0
final,gather,0.49,0.0
final,gather,0.5,0.0
final,gather,0.51,0.0
final,gather,0.52,0.0
final,gather,0.53,0.0
final,gather,0.54,0.0
final,gather,0.55,0.0
final,gather,0.56,0.0
final,gather,0.5700000000000001,0.0
final,gather,0.58,0.0
final,gather,0.59,0.0
final,gather,0.6,0.0
final,gather,0.61,0.0
final,gather,0.62,0.0
final,gather,0.63,0.0
final,gather,0.64,0.0
final,gather,0.65,0.0
final,gather,0.66,0.0
final,gather,0.67,0.0
final,gather,0.68,0.0
final,gather,0.6900000000000001,0.0
final,gather,0.7000000000000001,0.0
final,gather,0.71,0.0
final,gather,0.72,0.0
final,gather,0.73,0.0
final,gather,0.74,0.0
final,gather,0.75,0.0
final,gather,0.76,0.0
final,gather,0.77,0.0
final,gather,0.78,0.0
final,gather,0.79,0.0
final,gather,0.8,0.0
final,gather,0.81,0.0
final,gather,0.8200000000000001,0.0
final,gather,0.8300000000000001,0.0
final,gather,0.84,0.0
final,gather,0.85,0.0
final,gather,0.86,0.0
final,gather,0.87,0.0
final,gather,0.88,0.0
final,gather,0.89,0.0
final,gather,0.9,0.0
final,gather,0.91,0.0
final,gather,0.92,0.0
final,gather,0.93,0.0
final,gather,0.9400000000000001,0.0
final,gather,0.9500000000000001,0.0
final,gather,0.96,0.0
final,gather,0.97,0.0
final,gather,0.98,0.0
final,gather,0.99,0.0
final,gather,1.0,0.0
final,suicide,0.0,1.0
final,suicide,0.01,1.0
final,suicide,0.02,1.0
final,suicide,0.03,1.0
final,suicide,0.04,1.0
final,suicide,0.05,1.0
final,suicide,0.06,1.0
final,suicide,0.07,1.0
final,suicide,0.08,1.0
final,suicide,0.09,1.0
final,suicide,0.1,1.0
final,suicide,0.11,1.0
final,suicide,0.12,1.0
final,suicide,0.13,1.0
final,suicide,0.14,1.0
final,suicide,0.15,1.0
final,suicide,0.16,1.0
final,suicide,0.17,1.0
final,suicide,0.18,1.0
final,suicide,0.19,1.0
final,suicide,0.2,1.0
final,suicide,0.21,1.0
final,suicide,0.22,1.0
final,suicide,0.23,1.0
final,suicide,0.24,1.0
final,suicide,0.25,1.0
final,suicide,0.26,1.0
final,suicide,0.27,1.0
final,suicide,0.28,1.0
final,suicide,0.29,1.0
final,suicide,0.3,1.0
final,suicide,0.31,1.0
final,suicide,0.32,1.0
final,suicide,0.33,1.0
final,suicide,0.34,1.0
final,suicide,0.35000000000000003,1.0
final,suicide,0.36,1.0
final,suicide,0.37,1.0
final,suicide,0.38,1.0
final,suicide,0.39,1.0
final,suicide,0.4,1.0
final,suicide,0.41000000000000003,1.0
final,suicide,0.42,0.9973474801061007
final,suicide,0.43,0.9973474801061007
final,suicide,0.44,0.9973474801061007
final,suicide,0.45,0.9973474801061007
final,suicide,0.46,0.9973474801061007
final,suicide,0.47000000000000003,0.9973474801061007
final,suicide,0.48,0.9973474801061007
final,suicide,0.49,0.9971181556195965
final,suicide,0.5,0.9971181556195965
final,suicide,0.51,0.9971181556195965
final,suicide,0.52,0.9971181556195965
final,suicide,0.53,0.9971181556195965
final,suicide,0.54,0.9971181556195965
final,suicide,0.55,0.9971181556195965
final,suicide,0.56,0.9971181556195965
final,suicide,0.5700000000000001,0.9971181556195965
final,suicide,0.58,0.9971181556195965
final,suicide,0.59,0.9971181556195965
final,suicide,0.6,0.9971181556195965
final,suicide,0.61,0.9971181556195965
final,suicide,0.62,0.9971181556195965
final,suicide,0.63,0.9971181556195965
final,suicide,0.64,0.9971181556195965
final,suicide,0.65,0.9971181556195965
final,suicide,0.66,0.9971181556195965
final,suicide,0.67,0.9971181556195965
final,suicide,0.68,0.9971181556195965
final,suicide,0.6900000000000001,0.9971181556195965
final,suicide,0.7000000000000001,0.9971181556195965
final,suicide,0.71,0.9971181556195965
final,suicide,0.72,0.9971181556195965
final,suicide,0.73,0.9971181556195965
final,suicide,0.74,0.9971181556195965
final,suicide,0.75,0.9971181556195965
final,suicide,0.76,0.9971181556195965
final,suicide,0.77,0.9971181556195965
final,suicide,0.78,0.9971181556195965
final,suicide,0.79,0.9971181556195965
final,suicide,0.8,0.9971181556195965
final,suicide,0.81,0.9971181556195965
final,suicide,0.8200000000000001,0.9971181556195965
final,suicide,0.8300000000000001,0.9971181556195965
final,suicide,0.84,0.9971181556195965
final,suicide,0.85,0.9971181556195965
final,suicide,0.86,0.9971181556195965
final,suicide,0.87,0.9971181556195965
final,suicide,0.88,0.9971181556195965
final,suicide,0.89,0.9971181556195965
final,suicide,0.9,0.9960732984293194
final,suicide,0.91,0.9960732984293194
final,suicide,0.92,0.9960732984293194
final,suicide,0.93,0.9960732984293194
final,suicide,0.9400000000000001,0.9960732984293194
final,suicide,0.9500000000000001,0.9960732984293194
final,suicide,0.96,0.9960732984293194
final,suicide,0.97,0.9960732984293194
final,suicide,0.98,0.9948519948519948
final,suicide,0.99,0.9948519948519948
final,suicide,1.0,0.0
