scene_id,class_id,class_name
1,0,fall
2,0,fall
3,0,fall
4,0,fall
5,0,fall
6,0,fall
7,0,fall
8,0,fall
9,0,fall
10,0,fall
11,0,fall
12,0,fall
13,0,fall
14,0,fall
15,0,fall
16,0,fall
17,0,fall
18,0,fall
19,0,fall
20,0,fall
21,0,fall
22,0,fall
23,0,fall
24,0,fall
25,0,fall
26,0,fall
27,0,fall
28,0,fall
29,0,fall
30,0,fall
31,0,fall
32,0,fall
33,0,fall
34,0,fall
35,0,fall
36,0,fall
37,0,fall
38,0,fall
39,0,fall
40,0,fall
41,0,fall
42,0,fall
43,0,fall
44,0,fall
45,0,fall
46,0,fall
47,0,fall
48,0,fall
49,0,fall
50,0,fall
51,0,fall
52,0,fall
53,0,fall
54,0,fall
55,0,fall
56,0,fall
57,0,fall
58,0,fall
59,0,fall
60,0,fall
61,0,fall
62,0,fall
63,0,fall
64,0,fall
65,0,fall
66,0,fall
67,0,fall
68,0,fall
69,0,fall
70,0,fall
71,0,fall
72,0,fall
73,0,fall
74,0,fall
75,0,fall
76,0,fall
77,0,fall
78,0,fall
79,0,fall
80,0,fall
81,0,fall
82,0,fall
83,0,fall
84,0,fall
85,0,fall
86,0,fall
87,0,fall
88,0,fall
89,0,fall
90,0,fall
91,0,fall
92,0,fall
93,0,fall
94,0,fall
95,0,fall
96,0,fall
97,0,fall
98,0,fall
99,0,fall
100,0,fall
101,0,fall
102,0,fall
103,0,fall
104,0,fall
105,0,fall
106,0,fall
107,0,fall
108,0,fall
109,0,fall
110,0,fall
111,0,fall
112,0,fall
113,0,fall
114,0,fall
115,0,fall
116,0,fall
117,0,fall
118,0,fall
119,0,fall
120,0,fall
121,0,fall
122,0,fall
123,0,fall
124,0,fall
125,0,fall
126,0,fall
127,0,fall
128,0,fall
129,0,fall
130,0,fall
131,0,fall
132,0,fall
133,0,fall
134,0,fall
135,0,fall
136,0,fall
137,0,fall
138,0,fall
139,0,fall
140,0,fall
141,0,fall
142,0,fall
143,0,fall
144,0,fall
145,0,fall
146,0,fall
147,0,fall
148,0,fall
149,0,fall
150,0,fall
151,0,fall
152,0,fall
153,0,fall
154,0,fall
155,0,fall
156,0,fall
157,0,fall
158,0,fall
159,0,fall
160,0,fall
161,0,fall
162,0,fall
163,0,fall
164,0,fall
165,0,fall
166,0,fall
167,0,fall
168,0,fall
169,0,fall
170,0,fall
171,0,fall
172,0,fall
173,0,fall
174,0,fall
175,0,fall
176,0,fall
177,0,fall
178,0,fall
179,0,fall
180,0,fall
181,0,fall
182,0,fall
183,0,fall
184,0,fall
185,0,fall
186,0,fall
187,0,fall
188,0,fall
189,0,fall
190,0,fall
191,0,fall
192,0,fall
193,0,fall
194,0,fall
195,0,fall
196,0,fall
197,0,fall
198,0,fall
199,0,fall
200,0,fall
201,0,fall
202,0,fall
203,0,fall
204,0,fall
205,0,fall
206,0,fall
207,0,fall
208,0,fall
209,0,fall
210,0,fall
211,0,fall
212,0,fall
213,0,fall
214,0,fall
215,0,fall
216,0,fall
217,0,fall
218,0,fall
219,0,fall
220,0,fall
221,0,fall
222,0,fall
223,0,fall
224,0,fall
225,0,fall
226,0,fall
227,0,fall
228,0,fall
229,0,fall
230,0,fall
231,0,fall
232,0,fall
233,0,fall
234,0,fall
235,0,fall
236,0,fall
237,0,fall
238,0,fall
239,0,fall
240,0,fall
241,0,fall
242,0,fall
243,0,fall
244,0,fall
245,0,fall
246,0,fall
247,0,fall
248,0,fall
249,0,fall
250,0,fall
251,0,fall
252,0,fall
253,0,fall
254,0,fall
255,0,fall
256,0,fall
257,0,fall
258,0,fall
259,0,fall
260,0,fall
261,0,fall
262,0,fall
263,0,fall
264,0,fall
265,0,fall
266,0,fall
267,0,fall
268,0,fall
269,0,fall
270,0,fall
271,0,fall
272,0,fall
273,0,fall
274,0,fall
275,0,fall
276,0,fall
277,0,fall
278,0,fall
279,0,fall
280,0,fall
281,0,fall
282,0,fall
283,0,fall
284,0,fall
285,0,fall
286,0,fall
287,0,fall
288,0,fall
289,0,fall
290,0,fall
291,0,fall
292,0,fall
293,0,fall
294,0,fall
295,0,fall
296,0,fall
297,0,fall
298,0,fall
299,0,fall
300,0,fall
301,0,fall
302,0,fall
303,0,fall
304,0,fall
305,0,fall
306,0,fall
307,0,fall
308,0,fall
309,0,fall
310,0,fall
311,0,fall
312,0,fall
313,0,fall
314,0,fall
315,0,fall
316,0,fall
317,0,fall
318,0,fall
319,0,fall
320,0,fall
321,0,fall
322,0,fall
323,0,fall
324,0,fall
325,0,fall
326,0,fall
327,0,fall
328,0,fall
329,0,fall
330,0,fall
331,0,fall
332,0,fall
333,0,fall
334,0,fall
335,0,fall
336,0,fall
337,0,fall
338,0,fall
339,0,fall
340,0,fall
341,0,fall
342,0,fall
343,0,fall
344,0,fall
345,0,fall
346,0,fall
347,0,fall
348,0,fall
349,0,fall
350,0,fall
351,0,fall
352,0,fall
353,0,fall
354,0,fall
355,0,fall
356,0,fall
357,0,fall
358,0,fall
359,0,fall
360,0,fall
361,0,fall
362,0,fall
363,0,fall
364,0,fall
365,0,fall
366,0,fall
367,0,fall
368,0,fall
369,0,fall
370,0,fall
371,0,fall
372,0,fall
373,0,fall
374,0,fall
375,0,fall
376,0,fall
377,0,fall
378,0,fall
379,0,fall
380,0,fall
381,0,fall
382,0,fall
383,0,fall
384,0,fall
385,0,fall
386,0,fall
387,0,fall
388,0,fall
389,0,fall
390,0,fall
391,0,fall
392,0,fall
393,0,fall
394,0,fall
395,0,fall
396,0,fall
397,0,fall
398,0,fall
399,0,fall
400,0,fall
401,0,fall
402,0,fall
403,0,fall
404,0,fall
405,0,fall
406,0,fall
407,0,fall
408,0,fall
409,0,fall
410,0,fall
411,0,fall
412,0,fall
413,0,fall
414,0,fall
415,0,fall
416,0,fall
417,0,fall
418,0,fall
419,0,fall
420,0,fall
421,0,fall
422,0,fall
423,0,fall
424,0,fall
425,0,fall
426,0,fall
427,0,fall
428,0,fall
429,0,fall
430,0,fall
431,0,fall
432,0,fall
433,0,fall
434,0,fall
435,0,fall
436,0,fall
437,0,fall
438,0,fall
439,0,fall
440,0,fall
441,0,fall
442,0,fall
443,0,fall
444,0,fall
445,0,fall
446,0,fall
447,0,fall
448,0,fall
449,0,fall
450,0,fall
451,0,fall
452,0,fall
453,0,fall
454,0,fall
455,0,fall
456,0,fall
457,0,fall
458,0,fall
459,0,fall
460,0,fall
461,0,fall
462,0,fall
463,0,fall
464,0,fall
465,0,fall
466,0,fall
467,0,fall
468,0,fall
469,0,fall
470,0,fall
471,0,fall
472,0,fall
473,0,fall
474,0,fall
475,0,fall
476,0,fall
477,0,fall
478,0,fall
479,0,fall
480,0,fall
481,0,fall
482,0,fall
483,0,fall
484,0,fall
485,0,fall
486,0,fall
487,0,fall
488,0,fall
489,0,fall
490,0,fall
491,0,fall
492,0,fall
493,0,fall
494,0,fall
495,0,fall
496,0,fall
497,0,fall
498,0,fall
499,0,fall
500,0,fall
501,0,fall
502,0,fall
503,0,fall
504,0,fall
505,0,fall
506,0,fall
507,0,fall
508,0,fall
509,0,fall
510,0,fall
511,0,fall
512,0,fall
513,0,fall
514,0,fall
515,0,fall
516,0,fall
517,0,fall
518,0,fall
519,0,fall
520,0,fall
521,0,fall
522,0,fall
523,0,fall
524,0,fall
525,0,fall
526,0,fall
527,0,fall
528,0,fall
529,0,fall
530,0,fall
531,0,fall
532,0,fall
533,0,fall
534,0,fall
535,0,fall
536,0,fall
537,0,fall
538,0,fall
539,0,fall
540,0,fall
541,0,fall
542,0,fall
543,0,fall
544,0,fall
545,0,fall
546,0,fall
547,0,fall
548,0,fall
549,0,fall
550,0,fall
551,0,fall
552,0,fall
553,0,fall
554,0,fall
555,0,fall
556,0,fall
557,0,fall
558,0,fall
559,0,fall
560,0,fall
561,0,fall
562,0,fall
563,0,fall
564,0,fall
565,0,fall
566,0,fall
567,0,fall
568,0,fall
569,0,fall
570,0,fall
571,0,fall
572,0,fall
573,0,fall
574,0,fall
575,0,fall
576,0,fall
577,0,fall
578,0,fall
579,0,fall
580,0,fall
581,0,fall
582,0,fall
583,0,fall
584,0,fall
585,0,fall
586,0,fall
587,0,fall
588,0,fall
589,0,fall
590,0,fall
591,0,fall
592,0,fall
593,0,fall
594,0,fall
595,0,fall
596,0,fall
597,0,fall
598,0,fall
599,0,fall
600,0,fall
601,0,fall
602,0,fall
603,0,fall
604,0,fall
605,0,fall
606,0,fall
607,0,fall
608,0,fall
609,0,fall
610,0,fall
611,0,fall
612,0,fall
613,0,fall
614,0,fall
615,0,fall
616,0,fall
617,0,fall
618,0,fall
619,0,fall
620,0,fall
621,0,fall
622,0,fall
623,0,fall
624,0,fall
625,0,fall
626,0,fall
627,0,fall
628,0,fall
629,0,fall
630,0,fall
631,0,fall
632,0,fall
633,0,fall
634,0,fall
635,0,fall
636,0,fall
637,0,fall
638,0,fall
639,0,fall
640,0,fall
641,0,fall
642,0,fall
643,0,fall
644,0,fall
645,0,fall
646,0,fall
647,0,fall
648,0,fall
649,0,fall
650,0,fall
651,0,fall
652,0,fall
653,0,fall
654,0,fall
655,0,fall
656,0,fall
657,0,fall
658,0,fall
659,0,fall
660,0,fall
661,0,fall
662,0,fall
663,0,fall
664,0,fall
665,0,fall
666,0,fall
667,0,fall
668,0,fall
669,0,fall
670,0,fall
671,0,fall
672,0,fall
673,0,fall
674,0,fall
675,0,fall
676,0,fall
677,0,fall
678,0,fall
679,0,fall
680,0,fall
681,0,fall
682,0,fall
683,0,fall
684,0,fall
685,0,fall
686,0,fall
687,0,fall
688,0,fall
689,0,fall
690,0,fall
691,0,fall
692,0,fall
693,0,fall
694,0,fall
695,0,fall
696,0,fall
697,0,fall
698,0,fall
699,0,fall
700,0,fall
701,0,fall
702,0,fall
703,0,fall
704,0,fall
705,0,fall
706,0,fall
707,0,fall
708,0,fall
709,0,fall
710,0,fall
711,0,fall
712,0,fall
713,0,fall
714,0,fall
715,0,fall
716,0,fall
717,0,fall
718,0,fall
719,0,fall
720,0,fall
721,0,fall
722,0,fall
723,0,fall
724,0,fall
725,0,fall
726,0,fall
727,0,fall
728,0,fall
729,0,fall
730,0,fall
731,0,fall
732,0,fall
733,0,fall
734,0,fall
735,0,fall
736,0,fall
737,0,fall
738,0,fall
739,0,fall
740,0,fall
741,0,fall
742,0,fall
743,0,fall
744,0,fall
745,0,fall
746,0,fall
747,0,fall
748,0,fall
749,0,fall
750,0,fall
751,0,fall
752,0,fall
753,0,fall
754,0,fall
755,0,fall
756,0,fall
757,0,fall
758,0,fall
759,0,fall
760,0,fall
761,0,fall
762,0,fall
763,0,fall
764,0,fall
765,0,fall
766,0,fall
767,0,fall
768,0,fall
769,0,fall
770,0,fall
771,0,fall
772,0,fall
773,0,fall
774,0,fall
775,0,fall
776,0,fall
777,0,fall
778,0,fall
779,0,fall
780,0,fall
781,0,fall
782,0,fall
783,0,fall
784,0,fall
785,0,fall
786,0,fall
787,0,fall
788,0,fall
789,0,fall
790,0,fall
791,0,fall
792,0,fall
793,0,fall
794,0,fall
795,0,fall
796,0,fall
797,0,fall
798,0,fall
799,0,fall
800,0,fall
801,0,fall
802,0,fall
803,0,fall
804,0,fall
805,0,fall
806,0,fall
807,0,fall
808,0,fall
809,0,fall
810,0,fall
811,0,fall
812,0,fall
813,0,fall
814,0,fall
815,0,fall
816,0,fall
817,0,fall
818,0,fall
819,0,fall
820,0,fall
821,0,fall
822,0,fall
823,0,fall
824,0,fall
825,0,fall
826,0,fall
827,0,fall
828,0,fall
829,0,fall
830,0,fall
831,0,fall
832,0,fall
833,0,fall
834,0,fall
835,0,fall
836,0,fall
837,0,fall
838,0,fall
839,0,fall
840,0,fall
841,0,fall
842,0,fall
843,0,fall
844,0,fall
845,0,fall
846,0,fall
847,0,fall
848,0,fall
849,0,fall
850,0,fall
851,0,fall
852,0,fall
853,0,fall
854,0,fall
855,0,fall
856,0,fall
857,0,fall
858,0,fall
859,0,fall
860,0,fall
861,0,fall
862,0,fall
863,0,fall
864,0,fall
865,0,fall
866,0,fall
867,0,fall
868,0,fall
869,0,fall
870,0,fall
871,0,fall
872,0,fall
873,0,fall
874,0,fall
875,0,fall
876,0,fall
877,0,fall
878,0,fall
879,0,fall
880,0,fall
881,0,fall
882,0,fall
883,0,fall
884,0,fall
885,0,fall
886,0,fall
887,0,fall
888,0,fall
889,0,fall
890,0,fall
891,0,fall
892,0,fall
893,0,fall
894,0,fall
895,0,fall
896,0,fall
897,0,fall
898,0,fall
899,0,fall
900,0,fall
901,0,fall
902,0,fall
903,0,fall
904,0,fall
905,0,fall
906,0,fall
907,0,fall
908,0,fall
909,0,fall
910,0,fall
911,0,fall
912,0,fall
913,0,fall
914,0,fall
915,0,fall
916,0,fall
917,0,fall
918,0,fall
919,0,fall
920,0,fall
921,0,fall
922,0,fall
923,0,fall
924,0,fall
925,0,fall
926,0,fall
927,0,fall
928,0,fall
929,0,fall
930,0,fall
931,0,fall
932,0,fall
933,0,fall
934,1,fight
935,1,fight
936,1,fight
937,1,fight
938,1,fight
939,1,fight
940,1,fight
941,1,fight
942,1,fight
943,1,fight
944,1,fight
945,1,fight
946,1,fight
947,1,fight
948,1,fight
949,1,fight
950,1,fight
951,1,fight
952,1,fight
953,1,fight
954,1,fight
955,1,fight
956,1,fight
957,1,fight
958,1,fight
959,1,fight
960,1,fight
961,1,fight
962,1,fight
963,1,fight
964,1,fight
965,1,fight
966,1,fight
967,1,fight
968,1,fight
969,1,fight
970,1,fight
971,1,fight
972,1,fight
973,1,fight
974,1,fight
975,1,fight
976,1,fight
977,1,fight
978,1,fight
979,1,fight
980,1,fight
981,1,fight
982,1,fight
983,1,fight
984,1,fight
985,1,fight
986,1,fight
987,1,fight
988,1,fight
989,1,fight
990,1,fight
991,1,fight
992,1,fight
993,1,fight
994,1,fight
995,1,fight
996,1,fight
997,1,fight
998,1,fight
999,1,fight
1000,1,fight
1001,1,fight
1002,1,fight
1003,1,fight
1004,1,fight
1005,1,fight
1006,1,fight
1007,1,fight
1008,1,fight
1009,1,fight
1010,1,fight
1011,1,fight
1012,1,fight
1013,1,fight
1014,1,fight
1015,1,fight
1016,1,fight
1017,1,fight
1018,1,fight
1019,1,fight
1020,1,fight
1021,1,fight
1022,1,fight
1023,1,fight
1024,1,fight
1025,1,fight
1026,1,fight
1027,1,fight
1028,1,fight
1029,1,fight
1030,1,fight
1031,1,fight
1032,1,fight
1033,1,fight
1034,1,fight
1035,1,fight
1036,1,fight
1037,1,fight
1038,1,fight
1039,1,fight
1040,1,fight
1041,1,fight
1042,1,fight
1043,1,fight
1044,1,fight
1045,1,fight
1046,1,fight
1047,1,fight
1048,1,fight
1049,1,fight
1050,1,fight
1051,1,fight
1052,1,fight
1053,1,fight
1054,1,fight
1055,1,fight
1056,1,fight
1057,1,fight
1058,1,fight
1059,1,fight
1060,1,fight
1061,1,fight
1062,1,fight
1063,1,fight
1064,1,fight
1065,1,fight
1066,1,fight
1067,1,fight
1068,1,fight
1069,1,fight
1070,1,fight
1071,1,fight
1072,1,fight
1073,1,fight
1074,1,fight
1075,1,fight
1076,1,fight
1077,1,fight
1078,1,fight
1079,1,fight
1080,1,fight
1081,1,fight
1082,1,fight
1083,1,fight
1084,1,fight
1085,1,fight
1086,1,fight
1087,1,fight
1088,1,fight
1089,1,fight
1090,1,fight
1091,1,fight
1092,1,fight
1093,1,fight
1094,1,fight
1095,1,fight
1096,1,fight
1097,1,fight
1098,1,fight
1099,1,fight
1100,1,fight
1101,1,fight
1102,1,fight
1103,1,fight
1104,1,fight
1105,1,fight
1106,1,fight
1107,1,fight
1108,1,fight
1109,1,fight
1110,1,fight
1111,1,fight
1112,1,fight
1113,1,fight
1114,1,fight
1115,1,fight
1116,1,fight
1117,1,fight
1118,1,fight
1119,1,fight
1120,1,fight
1121,1,fight
1122,1,fight
1123,1,fight
1124,1,fight
1125,1,fight
1126,1,fight
1127,1,fight
1128,1,fight
1129,1,fight
1130,1,fight
1131,1,fight
1132,1,fight
1133,1,fight
1134,1,fight
1135,1,fight
1136,1,fight
1137,1,fight
1138,1,fight
1139,1,fight
1140,1,fight
1141,1,fight
1142,1,fight
1143,1,fight
1144,1,fight
1145,1,fight
1146,1,fight
1147,1,fight
1148,1,fight
1149,1,fight
1150,1,fight
1151,1,fight
1152,1,fight
1153,1,fight
1154,1,fight
1155,1,fight
1156,1,fight
1157,1,fight
1158,1,fight
1159,1,fight
1160,1,fight
1161,1,fight
1162,1,fight
1163,1,fight
1164,1,fight
1165,1,fight
1166,1,fight
1167,1,fight
1168,1,fight
1169,1,fight
1170,1,fight
1171,1,fight
1172,1,fight
1173,1,fight
1174,1,fight
1175,1,fight
1176,1,fight
1177,1,fight
1178,1,fight
1179,1,fight
1180,1,fight
1181,1,fight
1182,1,fight
1183,1,fight
1184,1,fight
1185,1,fight
1186,1,fight
1187,1,fight
1188,1,fight
1189,1,fight
1190,1,fight
1191,1,fight
1192,1,fight
1193,1,fight
1194,1,fight
1195,1,fight
1196,1,fight
1197,1,fight
1198,1,fight
1199,1,fight
1200,1,fight
1201,1,fight
1202,1,fight
1203,1,fight
1204,1,fight
1205,1,fight
1206,1,fight
1207,1,fight
1208,1,fight
1209,1,fight
1210,1,fight
1211,1,fight
1212,1,fight
1213,1,fight
1214,1,fight
1215,1,fight
1216,1,fight
1217,1,fight
1218,1,fight
1219,1,fight
1220,1,fight
1221,1,fight
1222,1,fight
1223,1,fight
1224,1,fight
1225,1,fight
1226,1,fight
1227,1,fight
1228,1,fight
1229,1,fight
1230,1,fight
1231,1,fight
1232,1,fight
1233,1,fight
1234,1,fight
1235,1,fight
1236,1,fight
1237,1,fight
1238,1,fight
1239,1,fight
1240,1,fight
1241,1,fight
1242,1,fight
1243,1,fight
1244,1,fight
1245,1,fight
1246,1,fight
1247,1,fight
1248,1,fight
1249,1,fight
1250,1,fight
1251,1,fight
1252,1,fight
1253,1,fight
1254,1,fight
1255,1,fight
1256,1,fight
1257,1,fight
1258,1,fight
1259,1,fight
1260,1,fight
1261,1,fight
1262,1,fight
1263,1,fight
1264,1,fight
1265,1,fight
1266,1,fight
1267,1,fight
1268,1,fight
1269,1,fight
1270,1,fight
1271,1,fight
1272,1,fight
1273,1,fight
1274,1,fight
1275,1,fight
1276,1,fight
1277,1,fight
1278,1,fight
1279,1,fight
1280,1,fight
1281,1,fight
1282,1,fight
1283,1,fight
1284,1,fight
1285,1,fight
1286,1,fight
1287,1,fight
1288,1,fight
1289,1,fight
1290,1,fight
1291,1,fight
1292,1,fight
1293,1,fight
1294,1,fight
1295,1,fight
1296,1,fight
1297,1,fight
1298,1,fight
1299,1,fight
1300,1,fight
1301,1,fight
1302,1,fight
1303,1,fight
1304,1,fight
1305,1,fight
1306,1,fight
1307,1,fight
1308,1,fight
1309,1,fight
1310,1,fight
1311,1,fight
1312,1,fight
1313,1,fight
1314,1,fight
1315,1,fight
1316,1,fight
1317,1,fight
1318,1,fight
1319,1,fight
1320,1,fight
1321,1,fight
1322,1,fight
1323,1,fight
1324,1,fight
1325,1,fight
1326,1,fight
1327,1,fight
1328,1,fight
1329,1,fight
1330,1,fight
1331,1,fight
1332,1,fight
1333,1,fight
1334,1,fight
1335,1,fight
1336,1,fight
1337,1,fight
1338,1,fight
1339,1,fight
1340,1,fight
1341,1,fight
1342,1,fight
1343,1,fight
1344,1,fight
1345,1,fight
1346,1,fight
1347,1,fight
1348,1,fight
1349,1,fight
1350,1,fight
1351,1,fight
1352,1,fight
1353,1,fight
1354,1,fight
1355,1,fight
1356,1,fight
1357,1,fight
1358,1,fight
1359,1,fight
1360,1,fight
1361,1,fight
1362,1,fight
1363,1,fight
1364,1,fight
1365,1,fight
1366,1,fight
1367,1,fight
1368,1,fight
1369,1,fight
1370,1,fight
1371,1,fight
1372,1,fight
1373,1,fight
1374,1,fight
1375,1,fight
1376,1,fight
1377,1,fight
1378,1,fight
1379,1,fight
1380,1,fight
1381,1,fight
1382,1,fight
1383,1,fight
1384,1,fight
1385,1,fight
1386,1,fight
1387,1,fight
1388,1,fight
1389,1,fight
1390,1,fight
1391,1,fight
1392,1,fight
1393,1,fight
1394,1,fight
1395,1,fight
1396,1,fight
1397,1,fight
1398,1,fight
1399,1,fight
1400,1,fight
1401,1,fight
1402,1,fight
1403,1,fight
1404,1,fight
1405,1,fight
1406,1,fight
1407,1,fight
1408,1,fight
1409,1,fight
1410,1,fight
1411,1,fight
1412,1,fight
1413,1,fight
1414,1,fight
1415,1,fight
1416,1,fight
1417,1,fight
1418,1,fight
1419,1,fight
1420,1,fight
1421,1,fight
1422,1,fight
1423,1,fight
1424,1,fight
1425,1,fight
1426,1,fight
1427,1,fight
1428,1,fight
1429,1,fight
1430,1,fight
1431,1,fight
1432,1,fight
1433,1,fight
1434,1,fight
1435,1,fight
1436,1,fight
1437,1,fight
1438,1,fight
1439,1,fight
1440,1,fight
1441,1,fight
1442,1,fight
1443,1,fight
1444,1,fight
1445,1,fight
1446,1,fight
1447,1,fight
1448,1,fight
1449,1,fight
1450,1,fight
1451,1,fight
1452,1,fight
1453,1,fight
1454,1,fight
1455,1,fight
1456,1,fight
1457,1,fight
1458,1,fight
1459,1,fight
1460,1,fight
1461,1,fight
1462,1,fight
1463,1,fight
1464,1,fight
1465,1,fight
1466,1,fight
1467,1,fight
1468,1,fight
1469,1,fight
1470,1,fight
1471,1,fight
1472,1,fight
1473,1,fight
1474,1,fight
1475,1,fight
1476,1,fight
1477,1,fight
1478,1,fight
1479,1,fight
1480,1,fight
1481,1,fight
1482,1,fight
1483,1,fight
1484,1,fight
1485,1,fight
1486,1,fight
1487,1,fight
1488,1,fight
1489,1,fight
1490,1,fight
1491,1,fight
1492,1,fight
1493,1,fight
1494,1,fight
1495,1,fight
1496,1,fight
1497,1,fight
1498,1,fight
1499,1,fight
1500,1,fight
1501,1,fight
1502,1,fight
1503,1,fight
1504,1,fight
1505,1,fight
1506,1,fight
1507,1,fight
1508,1,fight
1509,1,fight
1510,1,fight
1511,1,fight
1512,1,fight
1513,1,fight
1514,1,fight
1515,1,fight
1516,1,fight
1517,1,fight
1518,1,fight
1519,1,fight
1520,1,fight
1521,1,fight
1522,1,fight
1523,1,fight
1524,1,fight
1525,1,fight
1526,1,fight
1527,1,fight
1528,1,fight
1529,1,fight
1530,1,fight
1531,1,fight
1532,1,fight
1533,1,fight
1534,1,fight
1535,1,fight
1536,1,fight
1537,1,fight
1538,1,fight
1539,1,fight
1540,1,fight
1541,1,fight
1542,1,fight
1543,1,fight
1544,1,fight
1545,1,fight
1546,1,fight
1547,1,fight
1548,1,fight
1549,1,fight
1550,1,fight
1551,1,fight
1552,1,fight
1553,1,fight
1554,1,fight
1555,1,fight
1556,1,fight
1557,1,fight
1558,1,fight
1559,1,fight
1560,1,fight
1561,1,fight
1562,1,fight
1563,1,fight
1564,1,fight
1565,1,fight
1566,1,fight
1567,1,fight
1568,1,fight
1569,1,fight
1570,1,fight
1571,1,fight
1572,1,fight
1573,1,fight
1574,1,fight
1575,1,fight
1576,1,fight
1577,1,fight
1578,1,fight
1579,1,fight
1580,1,fight
1581,1,fight
1582,1,fight
1583,1,fight
1584,1,fight
1585,1,fight
1586,1,fight
1587,1,fight
1588,1,fight
1589,1,fight
1590,1,fight
1591,1,fight
1592,1,fight
1593,1,fight
1594,1,fight
1595,1,fight
1596,1,fight
1597,1,fight
1598,1,fight
1599,1,fight
1600,1,fight
1601,1,fight
1602,1,fight
1603,1,fight
1604,1,fight
1605,1,fight
1606,1,fight
1607,1,fight
1608,1,fight
1609,1,fight
1610,1,fight
1611,1,fight
1612,1,fight
1613,1,fight
1614,1,fight
1615,1,fight
1616,1,fight
1617,1,fight
1618,1,fight
1619,1,fight
1620,1,fight
1621,1,fight
1622,1,fight
1623,1,fight
1624,1,fight
1625,1,fight
1626,1,fight
1627,1,fight
1628,1,fight
1629,1,fight
1630,1,fight
1631,1,fight
1632,1,fight
1633,1,fight
1634,1,fight
1635,1,fight
1636,1,fight
1637,1,fight
1638,1,fight
1639,1,fight
1640,1,fight
1641,1,fight
1642,1,fight
1643,1,fight
1644,1,fight
1645,1,fight
1646,1,fight
1647,1,fight
1648,1,fight
1649,1,fight
1650,1,fight
1651,1,fight
1652,1,fight
1653,1,fight
1654,1,fight
1655,1,fight
1656,1,fight
1657,1,fight
1658,1,fight
1659,1,fight
1660,1,fight
1661,1,fight
1662,1,fight
1663,1,fight
1664,1,fight
1665,1,fight
1666,1,fight
1667,1,fight
1668,1,fight
1669,1,fight
1670,1,fight
1671,1,fight
1672,1,fight
1673,1,fight
1674,1,fight
1675,1,fight
1676,1,fight
1677,1,fight
1678,1,fight
1679,1,fight
1680,1,fight
1681,1,fight
1682,1,fight
1683,1,fight
1684,1,fight
1685,1,fight
1686,1,fight
1687,1,fight
1688,1,fight
1689,1,fight
1690,1,fight
1691,1,fight
1692,1,fight
1693,1,fight
1694,1,fight
1695,1,fight
1696,1,fight
1697,1,fight
1698,1,fight
1699,1,fight
1700,1,fight
1701,1,fight
1702,1,fight
1703,1,fight
1704,1,fight
1705,1,fight
1706,1,fight
1707,1,fight
1708,1,fight
1709,1,fight
1710,1,fight
1711,1,fight
1712,1,fight
1713,1,fight
1714,1,fight
1715,1,fight
1716,1,fight
1717,1,fight
1718,1,fight
1719,1,fight
1720,1,fight
1721,1,fight
1722,1,fight
1723,1,fight
1724,1,fight
1725,1,fight
1726,1,fight
1727,1,fight
1728,1,fight
1729,1,fight
1730,1,fight
1731,1,fight
1732,1,fight
1733,1,fight
1734,1,fight
1735,1,fight
1736,1,fight
1737,1,fight
1738,1,fight
1739,1,fight
1740,1,fight
1741,1,fight
1742,1,fight
1743,1,fight
1744,1,fight
1745,1,fight
1746,1,fight
1747,1,fight
1748,1,fight
1749,1,fight
1750,1,fight
1751,1,fight
1752,1,fight
1753,1,fight
1754,1,fight
1755,1,fight
1756,1,fight
1757,1,fight
1758,1,fight
1759,1,fight
1760,1,fight
1761,1,fight
1762,1,fight
1763,1,fight
1764,1,fight
1765,1,fight
1766,1,fight
1767,1,fight
1768,1,fight
1769,1,fight
1770,1,fight
1771,1,fight
1772,1,fight
1773,1,fight
1774,1,fight
1775,1,fight
1776,1,fight
1777,1,fight
1778,1,fight
1779,1,fight
1780,1,fight
1781,1,fight
1782,1,fight
1783,1,fight
1784,1,fight
1785,1,fight
1786,1,fight
1787,1,fight
1788,1,fight
1789,1,fight
1790,1,fight
1791,1,fight
1792,1,fight
1793,1,fight
1794,1,fight
1795,1,fight
1796,1,fight
1797,1,fight
1798,1,fight
1799,1,fight
1800,1,fight
1801,1,fight
1802,1,fight
1803,1,fight
1804,1,fight
1805,1,fight
1806,1,fight
1807,1,fight
1808,1,fight
1809,1,fight
1810,1,fight
1811,1,fight
1812,1,fight
1813,1,fight
1814,1,fight
1815,1,fight
1816,1,fight
1817,1,fight
1818,1,fight
1819,1,fight
1820,1,fight
1821,1,fight
1822,1,fight
1823,1,fight
1824,1,fight
1825,1,fight
1826,1,fight
1827,1,fight
1828,1,fight
1829,1,fight
1830,1,fight
1831,1,fight
1832,1,fight
1833,1,fight
1834,1,fight
1835,1,fight
1836,1,fight
1837,1,fight
1838,1,fight
1839,1,fight
1840,1,fight
1841,1,fight
1842,1,fight
1843,1,fight
1844,1,fight
1845,1,fight
1846,1,fight
1847,1,fight
1848,1,fight
1849,1,fight
1850,1,fight
1851,1,fight
1852,1,fight
1853,1,fight
1854,1,fight
1855,1,fight
1856,1,fight
1857,1,fight
1858,1,fight
1859,1,fight
1860,1,fight
1861,1,fight
1862,1,fight
1863,1,fight
1864,1,fight
1865,1,fight
1866,1,fight
1867,1,fight
1868,1,fight
1869,1,fight
1870,1,fight
1871,1,fight
1872,1,fight
1873,1,fight
1874,1,fight
1875,1,fight
1876,1,fight
1877,1,fight
1878,1,fight
1879,1,fight
1880,1,fight
1881,1,fight
1882,1,fight
1883,1,fight
1884,1,fight
1885,1,fight
1886,1,fight
1887,1,fight
1888,1,fight
1889,1,fight
1890,1,fight
1891,1,fight
1892,1,fight
1893,1,fight
1894,1,fight
1895,1,fight
1896,1,fight
1897,1,fight
1898,1,fight
1899,1,fight
1900,1,fight
1901,1,fight
1902,1,fight
1903,1,fight
1904,1,fight
1905,1,fight
1906,1,fight
1907,1,fight
1908,1,fight
1909,1,fight
1910,1,fight
1911,1,fight
1912,1,fight
1913,1,fight
1914,1,fight
1915,1,fight
1916,1,fight
1917,1,fight
1918,1,fight
1919,1,fight
1920,1,fight
1921,1,fight
1922,1,fight
1923,1,fight
1924,1,fight
1925,1,fight
1926,1,fight
1927,1,fight
1928,1,fight
1929,1,fight
1930,1,fight
1931,1,fight
1932,1,fight
1933,1,fight
1934,1,fight
1935,1,fight
1936,1,fight
1937,1,fight
1938,1,fight
1939,1,fight
1940,1,fight
1941,1,fight
1942,1,fight
1943,1,fight
1944,1,fight
1945,1,fight
1946,1,fight
1947,1,fight
1948,1,fight
1949,1,fight
1950,1,fight
1951,1,fight
1952,1,fight
1953,1,fight
1954,1,fight
1955,1,fight
1956,1,fight
1957,1,fight
1958,1,fight
1959,1,fight
1960,1,fight
1961,1,fight
1962,1,fight
1963,1,fight
1964,1,fight
1965,1,fight
1966,1,fight
1967,1,fight
1968,1,fight
1969,1,fight
1970,1,fight
1971,1,fight
1972,1,fight
1973,1,fight
1974,1,fight
1975,1,fight
1976,1,fight
1977,1,fight
1978,1,fight
1979,1,fight
1980,1,fight
1981,1,fight
1982,1,fight
1983,1,fight
1984,1,fight
1985,1,fight
1986,1,fight
1987,1,fight
1988,1,fight
1989,1,fight
1990,1,fight
1991,1,fight
1992,1,fight
1993,1,fight
1994,1,fight
1995,1,fight
1996,1,fight
1997,1,fight
1998,1,fight
1999,1,fight
2000,1,fight
2001,1,fight
2002,1,fight
2003,1,fight
2004,1,fight
2005,1,fight
2006,1,fight
2007,1,fight
2008,1,fight
2009,1,fight
2010,1,fight
2011,1,fight
2012,1,fight
2013,1,fight
2014,1,fight
2015,1,fight
2016,1,fight
2017,1,fight
2018,1,fight
2019,1,fight
2020,1,fight
2021,1,fight
2022,1,fight
2023,1,fight
2024,1,fight
2025,1,fight
2026,1,fight
2027,1,fight
2028,1,fight
2029,1,fight
2030,1,fight
2031,1,fight
2032,1,fight
2033,1,fight
2034,1,fight
2035,1,fight
2036,1,fight
2037,1,fight
2038,1,fight
2039,1,fight
2040,1,fight
2041,1,fight
2042,1,fight
2043,1,fight
2044,1,fight
2045,1,fight
2046,1,fight
2047,1,fight
2048,1,fight
2049,1,fight
2050,1,fight
2051,1,fight
2052,1,fight
2053,1,fight
2054,1,fight
2055,1,fight
2056,1,fight
2057,1,fight
2058,1,fight
2059,1,fight
2060,1,fight
2061,1,fight
2062,1,fight
2063,1,fight
2064,1,fight
2065,1,fight
2066,1,fight
2067,1,fight
2068,1,fight
2069,1,fight
2070,1,fight
2071,1,fight
2072,1,fight
2073,1,fight
2074,1,fight
2075,1,fight
2076,1,fight
2077,1,fight
2078,1,fight
2079,1,fight
2080,1,fight
2081,1,fight
2082,1,fight
2083,1,fight
2084,1,fight
2085,1,fight
2086,1,fight
2087,1,fight
2088,1,fight
2089,1,fight
2090,1,fight
2091,1,fight
2092,1,fight
2093,1,fight
2094,1,fight
2095,1,fight
2096,1,fight
2097,1,fight
2098,1,fight
2099,1,fight
2100,1,fight
2101,1,fight
2102,1,fight
2103,1,fight
2104,1,fight
2105,1,fight
2106,1,fight
2107,1,fight
2108,1,fight
2109,1,fight
2110,1,fight
2111,1,fight
2112,1,fight
2113,1,fight
2114,1,fight
2115,1,fight
2116,1,fight
2117,1,fight
2118,1,fight
2119,1,fight
2120,1,fight
2121,1,fight
2122,1,fight
2123,1,fight
2124,1,fight
2125,1,fight
2126,1,fight
2127,1,fight
2128,1,fight
2129,1,fight
2130,1,fight
2131,1,fight
2132,1,fight
2133,1,fight
2134,1,fight
2135,1,fight
2136,1,fight
2137,1,fight
2138,1,fight
2139,1,fight
2140,1,fight
2141,1,fight
2142,1,fight
2143,1,fight
2144,1,fight
2145,1,fight
2146,1,fight
2147,1,fight
2148,1,fight
2149,1,fight
2150,1,fight
2151,1,fight
2152,1,fight
2153,1,fight
2154,1,fight
2155,1,fight
2156,1,fight
2157,1,fight
2158,1,fight
2159,1,fight
2160,1,fight
2161,1,fight
2162,1,fight
2163,1,fight
2164,1,fight
2165,1,fight
2166,1,fight
2167,1,fight
2168,1,fight
2169,1,fight
2170,1,fight
2171,1,fight
2172,1,fight
2173,1,fight
2174,1,fight
2175,1,fight
2176,1,fight
2177,1,fight
2178,1,fight
2179,1,fight
2180,1,fight
2181,1,fight
2182,1,fight
2183,1,fight
2184,1,fight
2185,1,fight
2186,1,fight
2187,1,fight
2188,1,fight
2189,1,fight
2190,1,fight
2191,1,fight
2192,1,fight
2193,1,fight
2194,1,fight
2195,1,fight
2196,1,fight
2197,1,fight
2198,1,fight
2199,1,fight
2200,1,fight
2201,1,fight
2202,1,fight
2203,1,fight
2204,1,fight
2205,1,fight
2206,1,fight
2207,1,fight
2208,1,fight
2209,1,fight
2210,1,fight
2211,1,fight
2212,1,fight
2213,1,fight
2214,1,fight
2215,1,fight
2216,1,fight
2217,1,fight
2218,1,fight
2219,1,fight
2220,1,fight
2221,1,fight
2222,1,fight
2223,1,fight
2224,1,fight
2225,1,fight
2226,1,fight
2227,1,fight
2228,1,fight
2229,1,fight
2230,1,fight
2231,1,fight
2232,1,fight
2233,1,fight
2234,1,fight
2235,1,fight
2236,1,fight
2237,1,fight
2238,1,fight
2239,1,fight
2240,1,fight
2241,1,fight
2242,1,fight
2243,1,fight
2244,1,fight
2245,1,fight
2246,1,fight
2247,1,fight
2248,1,fight
2249,1,fight
2250,1,fight
2251,1,fight
2252,1,fight
2253,1,fight
2254,1,fight
2255,1,fight
2256,1,fight
2257,1,fight
2258,1,fight
2259,1,fight
2260,1,fight
2261,1,fight
2262,1,fight
2263,1,fight
2264,1,fight
2265,1,fight
2266,1,fight
2267,1,fight
2268,1,fight
2269,1,fight
2270,1,fight
2271,1,fight
2272,1,fight
2273,1,fight
2274,1,fight
2275,1,fight
2276,1,fight
2277,1,fight
2278,1,fight
2279,1,fight
2280,1,fight
2281,1,fight
2282,1,fight
2283,1,fight
2284,1,fight
2285,1,fight
2286,1,fight
2287,1,fight
2288,1,fight
2289,1,fight
2290,1,fight
2291,1,fight
2292,1,fight
2293,1,fight
2294,1,fight
2295,1,fight
2296,1,fight
2297,1,fight
2298,1,fight
2299,1,fight
2300,1,fight
2301,1,fight
2302,1,fight
2303,1,fight
2304,1,fight
2305,1,fight
2306,1,fight
2307,1,fight
2308,1,fight
2309,1,fight
2310,1,fight
2311,1,fight
2312,1,fight
2313,1,fight
2314,1,fight
2315,1,fight
2316,1,fight
2317,1,fight
2318,1,fight
2319,1,fight
2320,1,fight
2321,1,fight
2322,1,fight
2323,1,fight
2324,1,fight
2325,1,fight
2326,1,fight
2327,1,fight
2328,1,fight
2329,1,fight
2330,1,fight
2331,1,fight
2332,1,fight
2333,1,fight
2334,1,fight
2335,1,fight
2336,1,fight
2337,1,fight
2338,1,fight
2339,1,fight
2340,1,fight
2341,1,fight
2342,1,fight
2343,1,fight
2344,1,fight
2345,1,fight
2346,1,fight
2347,1,fight
2348,1,fight
2349,1,fight
2350,1,fight
2351,1,fight
2352,1,fight
2353,1,fight
2354,1,fight
2355,1,fight
2356,1,fight
2357,1,fight
2358,1,fight
2359,1,fight
2360,1,fight
2361,1,fight
2362,1,fight
2363,1,fight
2364,1,fight
2365,1,fight
2366,1,fight
2367,1,fight
2368,1,fight
2369,1,fight
2370,1,fight
2371,1,fight
2372,1,fight
2373,1,fight
2374,1,fight
2375,1,fight
2376,1,fight
2377,1,fight
2378,1,fight
2379,1,fight
2380,1,fight
2381,1,fight
2382,1,fight
2383,1,fight
2384,1,fight
2385,1,fight
2386,1,fight
2387,1,fight
2388,1,fight
2389,1,fight
2390,1,fight
2391,1,fight
2392,1,fight
2393,1,fight
2394,1,fight
2395,1,fight
2396,1,fight
2397,1,fight
2398,1,fight
2399,1,fight
2400,1,fight
2401,1,fight
2402,1,fight
2403,1,fight
2404,1,fight
2405,1,fight
2406,1,fight
2407,1,fight
2408,1,fight
2409,1,fight
2410,1,fight
2411,1,fight
2412,1,fight
2413,1,fight
2414,1,fight
2415,1,fight
2416,1,fight
2417,1,fight
2418,1,fight
2419,1,fight
2420,1,fight
2421,1,fight
2422,1,fight
2423,1,fight
2424,1,fight
2425,1,fight
2426,1,fight
2427,1,fight
2428,1,fight
2429,1,fight
2430,1,fight
2431,1,fight
2432,1,fight
2433,1,fight
2434,1,fight
2435,1,fight
2436,1,fight
2437,1,fight
2438,1,fight
2439,1,fight
2440,1,fight
2441,1,fight
2442,1,fight
2443,1,fight
2444,1,fight
2445,1,fight
2446,1,fight
2447,1,fight
2448,1,fight
2449,1,fight
2450,1,fight
2451,1,fight
2452,1,fight
2453,1,fight
2454,1,fight
2455,1,fight
2456,1,fight
2457,1,fight
2458,1,fight
2459,1,fight
2460,1,fight
2461,1,fight
2462,1,fight
2463,1,fight
2464,1,fight
2465,1,fight
2466,1,fight
2467,1,fight
2468,1,fight
2469,1,fight
2470,1,fight
2471,1,fight
2472,1,fight
2473,1,fight
2474,1,fight
2475,1,fight
2476,1,fight
2477,1,fight
2478,1,fight
2479,1,fight
2480,1,fight
2481,1,fight
2482,1,fight
2483,1,fight
2484,1,fight
2485,1,fight
2486,1,fight
2487,1,fight
2488,1,fight
2489,1,fight
2490,1,fight
2491,1,fight
2492,1,fight
2493,1,fight
2494,1,fight
2495,1,fight
2496,1,fight
2497,1,fight
2498,1,fight
2499,1,fight
2500,1,fight
2501,1,fight
2502,1,fight
2503,1,fight
2504,1,fight
2505,1,fight
2506,1,fight
2507,1,fight
2508,1,fight
2509,1,fight
2510,1,fight
2511,1,fight
2512,1,fight
2513,1,fight
2514,1,fight
2515,1,fight
2516,1,fight
2517,1,fight
2518,1,fight
2519,1,fight
2520,1,fight
2521,1,fight
2522,1,fight
2523,1,fight
2524,1,fight
2525,1,fight
2526,1,fight
2527,1,fight
2528,1,fight
2529,1,fight
2530,1,fight
2531,1,fight
2532,1,fight
2533,1,fight
2534,1,fight
2535,1,fight
2536,1,fight
2537,1,fight
2538,1,fight
2539,1,fight
2540,1,fight
2541,1,fight
2542,1,fight
2543,1,fight
2544,1,fight
2545,1,fight
2546,1,fight
2547,1,fight
2548,1,fight
2549,1,fight
2550,1,fight
2551,1,fight
2552,1,fight
2553,1,fight
2554,1,fight
2555,1,fight
2556,1,fight
2557,1,fight
2558,1,fight
2559,1,fight
2560,1,fight
2561,1,fight
2562,1,fight
2563,1,fight
2564,1,fight
2565,1,fight
2566,1,fight
2567,1,fight
2568,1,fight
2569,1,fight
2570,1,fight
2571,1,fight
2572,1,fight
2573,1,fight
2574,1,fight
2575,1,fight
2576,1,fight
2577,1,fight
2578,1,fight
2579,1,fight
2580,1,fight
2581,1,fight
2582,1,fight
2583,1,fight
2584,1,fight
2585,1,fight
2586,1,fight
2587,1,fight
2588,1,fight
2589,1,fight
2590,1,fight
2591,1,fight
2592,1,fight
2593,1,fight
2594,1,fight
2595,1,fight
2596,1,fight
2597,1,fight
2598,1,fight
2599,1,fight
2600,1,fight
2601,1,fight
2602,1,fight
2603,1,fight
2604,1,fight
2605,1,fight
2606,1,fight
2607,1,fight
2608,1,fight
2609,1,fight
2610,1,fight
2611,1,fight
2612,1,fight
2613,1,fight
2614,1,fight
2615,1,fight
2616,1,fight
2617,1,fight
2618,1,fight
2619,1,fight
2620,1,fight
2621,1,fight
2622,1,fight
2623,1,fight
2624,1,fight
2625,1,fight
2626,1,fight
2627,1,fight
2628,1,fight
2629,1,fight
2630,1,fight
2631,1,fight
2632,1,fight
2633,1,fight
2634,1,fight
2635,1,fight
2636,1,fight
2637,1,fight
2638,1,fight
2639,1,fight
2640,1,fight
2641,1,fight
2642,1,fight
2643,1,fight
2644,1,fight
2645,1,fight
2646,1,fight
2647,1,fight
2648,1,fight
2649,1,fight
2650,1,fight
2651,1,fight
2652,1,fight
2653,1,fight
2654,1,fight
2655,1,fight
2656,1,fight
2657,1,fight
2658,1,fight
2659,1,fight
2660,1,fight
2661,1,fight
2662,1,fight
2663,1,fight
2664,1,fight
2665,1,fight
2666,1,fight
2667,1,fight
2668,1,fight
2669,1,fight
2670,1,fight
2671,1,fight
2672,1,fight
2673,1,fight
2674,1,fight
2675,1,fight
2676,1,fight
2677,1,fight
2678,1,fight
2679,1,fight
2680,1,fight
2681,1,fight
2682,1,fight
2683,1,fight
2684,1,fight
2685,1,fight
2686,1,fight
2687,1,fight
2688,1,fight
2689,1,fight
2690,1,fight
2691,1,fight
2692,1,fight
2693,1,fight
2694,1,fight
2695,1,fight
2696,1,fight
2697,1,fight
2698,1,fight
2699,1,fight
2700,1,fight
2701,1,fight
2702,1,fight
2703,1,fight
2704,1,fight
2705,1,fight
2706,1,fight
2707,1,fight
2708,1,fight
2709,1,fight
2710,1,fight
2711,1,fight
2712,1,fight
2713,1,fight
2714,1,fight
2715,1,fight
2716,1,fight
2717,1,fight
2718,1,fight
2719,1,fight
2720,1,fight
2721,1,fight
2722,1,fight
2723,1,fight
2724,1,fight
2725,1,fight
2726,1,fight
2727,1,fight
2728,1,fight
2729,1,fight
2730,1,fight
2731,1,fight
2732,1,fight
2733,1,fight
2734,1,fight
2735,1,fight
2736,1,fight
2737,1,fight
2738,1,fight
2739,1,fight
2740,1,fight
2741,1,fight
2742,1,fight
2743,1,fight
2744,1,fight
2745,1,fight
2746,1,fight
2747,1,fight
2748,1,fight
2749,1,fight
2750,1,fight
2751,1,fight
2752,1,fight
2753,1,fight
2754,1,fight
2755,1,fight
2756,1,fight
2757,1,fight
2758,1,fight
2759,1,fight
2760,1,fight
2761,1,fight
2762,1,fight
2763,1,fight
2764,1,fight
2765,1,fight
2766,1,fight
2767,1,fight
2768,1,fight
2769,1,fight
2770,1,fight
2771,1,fight
2772,1,fight
2773,1,fight
2774,1,fight
2775,1,fight
2776,1,fight
2777,1,fight
2778,1,fight
2779,1,fight
2780,1,fight
2781,1,fight
2782,1,fight
2783,1,fight
2784,1,fight
2785,1,fight
2786,1,fight
2787,1,fight
2788,1,fight
2789,1,fight
2790,1,fight
2791,1,fight
2792,1,fight
2793,1,fight
2794,1,fight
2795,1,fight
2796,1,fight
2797,1,fight
2798,1,fight
2799,1,fight
2800,1,fight
2801,1,fight
2802,1,fight
2803,1,fight
2804,1,fight
2805,1,fight
2806,1,fight
2807,1,fight
2808,1,fight
2809,1,fight
2810,1,fight
2811,1,fight
2812,1,fight
2813,1,fight
2814,1,fight
2815,1,fight
2816,1,fight
2817,1,fight
2818,1,fight
2819,1,fight
2820,1,fight
2821,1,fight
2822,1,fight
2823,1,fight
2824,1,fight
2825,1,fight
2826,1,fight
2827,1,fight
2828,1,fight
2829,1,fight
2830,1,fight
2831,1,fight
2832,1,fight
2833,1,fight
2834,1,fight
2835,1,fight
2836,1,fight
2837,1,fight
2838,1,fight
2839,1,fight
2840,1,fight
2841,1,fight
2842,1,fight
2843,1,fight
2844,1,fight
2845,1,fight
2846,1,fight
2847,1,fight
2848,1,fight
2849,1,fight
2850,1,fight
2851,1,fight
2852,1,fight
2853,1,fight
2854,1,fight
2855,1,fight
2856,1,fight
2857,1,fight
2858,1,fight
2859,1,fight
2860,1,fight
2861,1,fight
2862,1,fight
2863,1,fight
2864,1,fight
2865,1,fight
2866,1,fight
2867,1,fight
2868,1,fight
2869,1,fight
2870,1,fight
2871,1,fight
2872,1,fight
2873,1,fight
2874,1,fight
2875,1,fight
2876,1,fight
2877,1,fight
2878,1,fight
2879,1,fight
2880,1,fight
2881,1,fight
2882,1,fight
2883,1,fight
2884,1,fight
2885,1,fight
2886,1,fight
2887,1,fight
2888,1,fight
2889,1,fight
2890,1,fight
2891,1,fight
2892,1,fight
2893,1,fight
2894,1,fight
2895,1,fight
2896,1,fight
2897,1,fight
2898,1,fight
2899,1,fight
2900,1,fight
2901,1,fight
2902,1,fight
2903,1,fight
2904,1,fight
2905,1,fight
2906,1,fight
2907,1,fight
2908,1,fight
2909,1,fight
2910,1,fight
2911,1,fight
2912,1,fight
2913,1,fight
2914,1,fight
2915,1,fight
2916,1,fight
2917,1,fight
2918,1,fight
2919,1,fight
2920,1,fight
2921,1,fight
2922,1,fight
2923,1,fight
2924,1,fight
2925,1,fight
2926,1,fight
2927,1,fight
2928,1,fight
2929,1,fight
2930,1,fight
2931,1,fight
2932,1,fight
2933,1,fight
2934,1,fight
2935,1,fight
2936,1,fight
2937,1,fight
2938,1,fight
2939,1,fight
2940,1,fight
2941,1,fight
2942,1,fight
2943,1,fight
2944,1,fight
2945,1,fight
2946,1,fight
2947,1,fight
2948,1,fight
2949,1,fight
2950,1,fight
2951,1,fight
2952,1,fight
2953,1,fight
2954,1,fight
2955,1,fight
2956,1,fight
2957,1,fight
2958,1,fight
2959,1,fight
2960,1,fight
2961,1,fight
2962,1,fight
2963,1,fight
2964,1,fight
2965,1,fight
2966,1,fight
2967,1,fight
2968,1,fight
2969,1,fight
2970,1,fight
2971,1,fight
2972,1,fight
2973,1,fight
2974,1,fight
2975,1,fight
2976,1,fight
2977,1,fight
2978,1,fight
2979,1,fight
2980,1,fight
2981,1,fight
2982,1,fight
2983,1,fight
2984,1,fight
2985,1,fight
2986,1,fight
2987,1,fight
2988,1,fight
2989,1,fight
2990,1,fight
2991,1,fight
2992,1,fight
2993,1,fight
2994,1,fight
2995,1,fight
2996,1,fight
2997,1,fight
2998,1,fight
2999,1,fight
3000,1,fight
3001,1,fight
3002,1,fight
3003,1,fight
3004,1,fight
3005,1,fight
3006,1,fight
3007,1,fight
3008,1,fight
3009,1,fight
3010,1,fight
3011,1,fight
3012,1,fight
3013,1,fight
3014,1,fight
3015,1,fight
3016,1,fight
3017,1,fight
3018,1,fight
3019,1,fight
3020,1,fight
3021,1,fight
3022,1,fight
3023,1,fight
3024,1,fight
3025,1,fight
3026,1,fight
3027,1,fight
3028,1,fight
3029,1,fight
3030,1,fight
3031,1,fight
3032,1,fight
3033,1,fight
3034,1,fight
3035,1,fight
3036,1,fight
3037,1,fight
3038,1,fight
3039,1,fight
3040,1,fight
3041,1,fight
3042,1,fight
3043,1,fight
3044,1,fight
3045,1,fight
3046,1,fight
3047,1,fight
3048,1,fight
3049,1,fight
3050,1,fight
3051,1,fight
3052,1,fight
3053,1,fight
3054,1,fight
3055,1,fight
3056,1,fight
3057,1,fight
3058,1,fight
3059,1,fight
3060,1,fight
3061,1,fight
3062,1,fight
3063,1,fight
3064,1,fight
3065,1,fight
3066,1,fight
3067,1,fight
3068,1,fight
3069,1,fight
3070,1,fight
3071,1,fight
3072,1,fight
3073,1,fight
3074,1,fight
3075,1,fight
3076,1,fight
3077,1,fight
3078,1,fight
3079,1,fight
3080,1,fight
3081,1,fight
3082,1,fight
3083,1,fight
3084,1,fight
3085,1,fight
3086,1,fight
3087,1,fight
3088,1,fight
3089,1,fight
3090,1,fight
3091,1,fight
3092,1,fight
3093,1,fight
3094,1,fight
3095,1,fight
3096,1,fight
3097,1,fight
3098,1,fight
3099,1,fight
3100,1,fight
3101,1,fight
3102,1,fight
3103,1,fight
3104,1,fight
3105,1,fight
3106,1,fight
3107,1,fight
3108,1,fight
3109,1,fight
3110,1,fight
3111,1,fight
3112,1,fight
3113,1,fight
3114,1,fight
3115,1,fight
3116,1,fight
3117,1,fight
3118,1,fight
3119,1,fight
3120,1,fight
3121,1,fight
3122,1,fight
3123,1,fight
3124,1,fight
3125,1,fight
3126,1,fight
3127,1,fight
3128,1,fight
3129,1,fight
3130,1,fight
3131,1,fight
3132,1,fight
3133,1,fight
3134,1,fight
3135,1,fight
3136,1,fight
3137,1,fight
3138,1,fight
3139,1,fight
3140,1,fight
3141,1,fight
3142,1,fight
3143,1,fight
3144,1,fight
3145,1,fight
3146,1,fight
3147,1,fight
3148,1,fight
3149,1,fight
3150,1,fight
3151,1,fight
3152,1,fight
3153,1,fight
3154,1,fight
3155,1,fight
3156,1,fight
3157,1,fight
3158,1,fight
3159,1,fight
3160,1,fight
3161,1,fight
3162,1,fight
3163,1,fight
3164,1,fight
3165,1,fight
3166,1,fight
3167,1,fight
3168,1,fight
3169,1,fight
3170,1,fight
3171,1,fight
3172,1,fight
3173,1,fight
3174,1,fight
3175,1,fight
3176,1,fight
3177,1,fight
3178,1,fight
3179,1,fight
3180,1,fight
3181,1,fight
3182,1,fight
3183,1,fight
3184,1,fight
3185,1,fight
3186,1,fight
3187,1,fight
3188,1,fight
3189,1,fight
3190,1,fight
3191,1,fight
3192,1,fight
3193,1,fight
3194,1,fight
3195,1,fight
3196,1,fight
3197,1,fight
3198,1,fight
3199,1,fight
3200,1,fight
3201,1,fight
3202,1,fight
3203,1,fight
3204,1,fight
3205,1,fight
3206,1,fight
3207,1,fight
3208,1,fight
3209,1,fight
3210,1,fight
3211,1,fight
3212,1,fight
3213,1,fight
3214,1,fight
3215,1,fight
3216,1,fight
3217,1,fight
3218,1,fight
3219,1,fight
3220,1,fight
3221,1,fight
3222,1,fight
3223,1,fight
3224,1,fight
3225,1,fight
3226,1,fight
3227,1,fight
3228,1,fight
3229,1,fight
3230,1,fight
3231,1,fight
3232,1,fight
3233,1,fight
3234,1,fight
3235,1,fight
3236,1,fight
3237,1,fight
3238,1,fight
3239,1,fight
3240,1,fight
3241,1,fight
3242,1,fight
3243,1,fight
3244,1,fight
3245,1,fight
3246,1,fight
3247,1,fight
3248,1,fight
3249,1,fight
3250,1,fight
3251,1,fight
3252,1,fight
3253,1,fight
3254,1,fight
3255,1,fight
3256,1,fight
3257,1,fight
3258,1,fight
3259,1,fight
3260,1,fight
3261,1,fight
3262,1,fight
3263,1,fight
3264,1,fight
3265,1,fight
3266,1,fight
3267,1,fight
3268,1,fight
3269,1,fight
3270,1,fight
3271,1,fight
3272,1,fight
3273,1,fight
3274,1,fight
3275,1,fight
3276,1,fight
3277,1,fight
3278,1,fight
3279,1,fight
3280,1,fight
3281,1,fight
3282,1,fight
3283,1,fight
3284,1,fight
3285,1,fight
3286,1,fight
3287,1,fight
3288,1,fight
3289,1,fight
3290,1,fight
3291,1,fight
3292,1,fight
3293,1,fight
3294,1,fight
3295,1,fight
3296,1,fight
3297,1,fight
3298,1,fight
3299,1,fight
3300,1,fight
3301,1,fight
3302,1,fight
3303,1,fight
3304,1,fight
3305,1,fight
3306,1,fight
3307,1,fight
3308,1,fight
3309,1,fight
3310,1,fight
3311,1,fight
3312,1,fight
3313,1,fight
3314,1,fight
3315,1,fight
3316,1,fight
3317,1,fight
3318,1,fight
3319,1,fight
3320,1,fight
3321,1,fight
3322,1,fight
3323,1,fight
3324,1,fight
3325,1,fight
3326,1,fight
3327,1,fight
3328,1,fight
3329,1,fight
3330,1,fight
3331,1,fight
3332,1,fight
3333,1,fight
3334,1,fight
3335,1,fight
3336,1,fight
3337,1,fight
3338,1,fight
3339,1,fight
3340,1,fight
3341,1,fight
3342,1,fight
3343,1,fight
3344,1,fight
3345,1,fight
3346,1,fight
3347,1,fight
3348,1,fight
3349,1,fight
3350,1,fight
3351,1,fight
3352,1,fight
3353,1,fight
3354,1,fight
3355,1,fight
3356,1,fight
3357,1,fight
3358,1,fight
3359,1,fight
3360,1,fight
3361,1,fight
3362,1,fight
3363,1,fight
3364,1,fight
3365,1,fight
3366,1,fight
3367,1,fight
3368,1,fight
3369,1,fight
3370,1,fight
3371,1,fight
3372,1,fight
3373,2,gather
3374,2,gather
3375,2,gather
3376,2,gather
3377,2,gather
3378,2,gather
3379,2,gather
3380,2,gather
3381,2,gather
3382,2,gather
3383,2,gather
3384,2,gather
3385,2,gather
3386,2,gather
3387,2,gather
3388,2,gather
3389,2,gather
3390,2,gather
3391,2,gather
3392,2,gather
3393,2,gather
3394,2,gather
3395,2,gather
3396,2,gather
3397,2,gather
3398,2,gather
3399,2,gather
3400,2,gather
3401,2,gather
3402,2,gather
3403,2,gather
3404,2,gather
3405,2,gather
3406,2,gather
3407,2,gather
3408,2,gather
3409,2,gather
3410,2,gather
3411,2,gather
3412,2,gather
3413,2,gather
3414,2,gather
3415,2,gather
3416,2,gather
3417,2,gather
3418,2,gather
3419,2,gather
3420,2,gather
3421,2,gather
3422,2,gather
3423,2,gather
3424,3,suicide
3425,3,suicide
3426,3,suicide
3427,3,suicide
3428,3,suicide
3429,3,suicide
3430,3,suicide
3431,3,suicide
3432,3,suicide
3433,3,suicide
3434,3,suicide
3435,3,suicide
3436,3,suicide
3437,3,suicide
3438,3,suicide
3439,3,suicide
3440,3,suicide
3441,3,suicide
3442,3,suicide
3443,3,suicide
3444,3,suicide
3445,3,suicide
3446,3,suicide
3447,3,suicide
3448,3,suicide
3449,3,suicide
3450,3,suicide
3451,3,suicide
3452,3,suicide
3453,3,suicide
3454,3,suicide
3455,3,suicide
3456,3,suicide
3457,3,suicide
3458,3,suicide
3459,3,suicide
3460,3,suicide
3461,3,suicide
3462,3,suicide
3463,3,suicide
3464,3,suicide
3465,3,suicide
3466,3,suicide
3467,3,suicide
3468,3,suicide
3469,3,suicide
3470,3,suicide
3471,3,suicide
3472,3,suicide
3473,3,suicide
3474,3,suicide
3475,3,suicide
3476,3,suicide
3477,3,suicide
3478,3,suicide
3479,3,suicide
3480,3,suicide
3481,3,suicide
3482,3,suicide
3483,3,suicide
3484,3,suicide
3485,3,suicide
3486,3,suicide
3487,3,suicide
3488,3,suicide
3489,3,suicide
3490,3,suicide
3491,3,suicide
3492,3,suicide
3493,3,suicide
3494,3,suicide
3495,3,suicide
3496,3,suicide
3497,3,suicide
3498,3,suicide
3499,3,suicide
3500,3,suicide
3501,3,suicide
3502,3,suicide
3503,3,suicide
3504,3,suicide
3505,3,suicide
3506,3,suicide
3507,3,suicide
3508,3,suicide
3509,3,suicide
3510,3,suicide
3511,3,suicide
3512,3,suicide
3513,3,suicide
3514,3,suicide
3515,3,suicide
3516,3,suicide
3517,3,suicide
3518,3,suicide
3519,3,suicide
3520,3,suicide
3521,3,suicide
3522,3,suicide
3523,3,suicide
3524,3,suicide
3525,3,suicide
3526,3,suicide
3527,3,suicide
3528,3,suicide
3529,3,suicide
3530,3,suicide
3531,3,suicide
3532,3,suicide
3533,3,suicide
3534,3,suicide
3535,3,suicide
3536,3,suicide
3537,3,suicide
3538,3,suicide
3539,3,suicide
3540,3,suicide
3541,3,suicide
3542,3,suicide
3543,3,suicide
3544,3,suicide
3545,3,suicide
3546,3,suicide
3547,3,suicide
3548,3,suicide
3549,3,suicide
3550,3,suicide
3551,3,suicide
3552,3,suicide
3553,3,suicide
3554,3,suicide
3555,3,suicide
3556,3,suicide
3557,3,suicide
3558,3,suicide
3559,3,suicide
3560,3,suicide
3561,3,suicide
3562,3,suicide
3563,3,suicide
3564,3,suicide
3565,3,suicide
3566,3,suicide
3567,3,suicide
3568,3,suicide
3569,3,suicide
3570,3,suicide
3571,3,suicide
3572,3,suicide
3573,3,suicide
3574,3,suicide
3575,3,suicide
3576,3,suicide
3577,3,suicide
3578,3,suicide
3579,3,suicide
3580,3,suicide
3581,3,suicide
3582,3,suicide
3583,3,suicide
3584,3,suicide
3585,3,suicide
3586,3,suicide
3587,3,suicide
3588,3,suicide
3589,3,suicide
3590,3,suicide
3591,3,suicide
3592,3,suicide
3593,3,suicide
3594,3,suicide
3595,3,suicide
3596,3,suicide
3597,3,suicide
3598,3,suicide
3599,3,suicide
3600,3,suicide
3601,3,suicide
3602,3,suicide
3603,3,suicide
3604,3,suicide
3605,3,suicide
3606,3,suicide
3607,3,suicide
3608,3,suicide
3609,3,suicide
3610,3,suicide
3611,3,suicide
3612,3,suicide
3613,3,suicide
3614,3,suicide
3615,3,suicide
3616,3,suicide
3617,3,suicide
3618,3,suicide
3619,3,suicide
3620,3,suicide
3621,3,suicide
3622,3,suicide
3623,3,suicide
3624,3,suicide
3625,3,suicide
3626,3,suicide
3627,3,suicide
3628,3,suicide
3629,3,suicide
3630,3,suicide
3631,3,suicide
3632,3,suicide
3633,3,suicide
3634,3,suicide
3635,3,suicide
3636,3,suicide
3637,3,suicide
3638,3,suicide
3639,3,suicide
3640,3,suicide
3641,3,suicide
3642,3,suicide
3643,3,suicide
3644,3,suicide
3645,3,suicide
3646,3,suicide
3647,3,suicide
3648,3,suicide
3649,3,suicide
3650,3,suicide
3651,3,suicide
3652,3,suicide
3653,3,suicide
3654,3,suicide
3655,3,suicide
3656,3,suicide
3657,3,suicide
3658,3,suicide
3659,3,suicide
3660,3,suicide
3661,3,suicide
3662,3,suicide
3663,3,suicide
3664,3,suicide
3665,3,suicide
3666,3,suicide
3667,3,suicide
3668,3,suicide
3669,3,suicide
3670,3,suicide
3671,3,suicide
3672,3,suicide
3673,3,suicide
3674,3,suicide
3675,3,suicide
3676,3,suicide
3677,3,suicide
3678,3,suicide
3679,3,suicide
3680,3,suicide
3681,3,suicide
3682,3,suicide
3683,3,suicide
3684,3,suicide
3685,3,suicide
3686,3,suicide
3687,3,suicide
3688,3,suicide
3689,3,suicide
3690,3,suicide
3691,3,suicide
3692,3,suicide
3693,3,suicide
3694,3,suicide
3695,3,suicide
3696,3,suicide
3697,3,suicide
3698,3,suicide
3699,3,suicide
3700,3,suicide
3701,3,suicide
3702,3,suicide
3703,3,suicide
3704,3,suicide
3705,3,suicide
3706,3,suicide
3707,3,suicide
3708,3,suicide
3709,3,suicide
3710,3,suicide
3711,3,suicide
3712,3,suicide
3713,3,suicide
3714,3,suicide
3715,3,suicide
3716,3,suicide
3717,3,suicide
3718,3,suicide
3719,3,suicide
3720,3,suicide
3721,3,suicide
3722,3,suicide
3723,3,suicide
3724,3,suicide
3725,3,suicide
3726,3,suicide
3727,3,suicide
3728,3,suicide
3729,3,suicide
3730,3,suicide
3731,3,suicide
3732,3,suicide
3733,3,suicide
3734,3,suicide
3735,3,suicide
3736,3,suicide
3737,3,suicide
3738,3,suicide
3739,3,suicide
3740,3,suicide
3741,3,suicide
3742,3,suicide
3743,3,suicide
3744,3,suicide
3745,3,suicide
3746,3,suicide
3747,3,suicide
3748,3,suicide
3749,3,suicide
3750,3,suicide
3751,3,suicide
3752,3,suicide
3753,3,suicide
3754,3,suicide
3755,3,suicide
3756,3,suicide
3757,3,suicide
3758,3,suicide
3759,3,suicide
3760,3,suicide
3761,3,suicide
3762,3,suicide
3763,3,suicide
3764,3,suicide
3765,3,suicide
3766,3,suicide
3767,3,suicide
3768,3,suicide
3769,3,suicide
3770,3,suicide
3771,3,suicide
3772,3,suicide
3773,3,suicide
3774,3,suicide
3775,3,suicide
3776,3,suicide
3777,3,suicide
3778,3,suicide
3779,3,suicide
3780,3,suicide
3781,3,suicide
3782,3,suicide
3783,3,suicide
3784,3,suicide
3785,3,suicide
3786,3,suicide
3787,3,suicide
3788,3,suicide
3789,3,suicide
3790,3,suicide
3791,3,suicide
3792,3,suicide
3793,3,suicide
3794,3,suicide
3795,3,suicide
3796,3,suicide
3797,3,suicide
3798,3,suicide
3799,3,suicide
3800,3,suicide
3801,3,suicide
3802,3,suicide
3803,3,suicide
3804,3,suicide
3805,3,suicide
3806,3,suicide
3807,3,suicide
3808,3,suicide
3809,3,suicide
3810,3,suicide
3811,3,suicide
3812,3,suicide
3813,3,suicide
3814,3,suicide
3815,3,suicide
3816,3,suicide
3817,3,suicide
3818,3,suicide
3819,3,suicide
3820,3,suicide
3821,3,suicide
3822,3,suicide
3823,3,suicide
3824,3,suicide
3825,3,suicide
3826,3,suicide
3827,3,suicide
3828,3,suicide
3829,3,suicide
3830,3,suicide
3831,3,suicide
3832,3,suicide
3833,3,suicide
3834,3,suicide
3835,3,suicide
3836,3,suicide
3837,3,suicide
3838,3,suicide
3839,3,suicide
3840,3,suicide
3841,3,suicide
3842,3,suicide
3843,3,suicide
3844,3,suicide
3845,3,suicide
3846,3,suicide
3847,3,suicide
3848,3,suicide
3849,3,suicide
3850,3,suicide
3851,3,suicide
3852,3,suicide
3853,3,suicide
3854,3,suicide
3855,3,suicide
3856,3,suicide
3857,3,suicide
3858,3,suicide
3859,3,suicide
3860,3,suicide
3861,3,suicide
3862,3,suicide
3863,3,suicide
3864,3,suicide
3865,3,suicide
3866,3,suicide
3867,3,suicide
3868,3,suicide
3869,3,suicide
3870,3,suicide
3871,3,suicide
3872,3,suicide
3873,3,suicide
3874,3,suicide
3875,3,suicide
3876,3,suicide
3877,3,suicide
3878,3,suicide
3879,3,suicide
3880,3,suicide
3881,3,suicide
3882,3,suicide
3883,3,suicide
3884,3,suicide
3885,3,suicide
3886,3,suicide
3887,3,suicide
3888,3,suicide
3889,3,suicide
3890,3,suicide
3891,3,suicide
3892,3,suicide
3893,3,suicide
3894,3,suicide
3895,3,suicide
3896,3,suicide
3897,3,suicide
3898,3,suicide
3899,3,suicide
3900,3,suicide
3901,3,suicide
3902,3,suicide
3903,3,suicide
3904,3,suicide
3905,3,suicide
3906,3,suicide
3907,3,suicide
3908,3,suicide
3909,3,suicide
3910,3,suicide
3911,3,suicide
3912,3,suicide
3913,3,suicide
3914,3,suicide
3915,3,suicide
3916,3,suicide
3917,3,suicide
3918,3,suicide
3919,3,suicide
3920,3,suicide
3921,3,suicide
3922,3,suicide
3923,3,suicide
3924,3,suicide
3925,3,suicide
3926,3,suicide
3927,3,suicide
3928,3,suicide
3929,3,suicide
3930,3,suicide
3931,3,suicide
3932,3,suicide
3933,3,suicide
3934,3,suicide
3935,3,suicide
3936,3,suicide
3937,3,suicide
3938,3,suicide
3939,3,suicide
3940,3,suicide
3941,3,suicide
3942,3,suicide
3943,3,suicide
3944,3,suicide
3945,3,suicide
3946,3,suicide
3947,3,suicide
3948,3,suicide
3949,3,suicide
3950,3,suicide
3951,3,suicide
3952,3,suicide
3953,3,suicide
3954,3,suicide
3955,3,suicide
3956,3,suicide
3957,3,suicide
3958,3,suicide
3959,3,suicide
3960,3,suicide
3961,3,suicide
3962,3,suicide
3963,3,suicide
3964,3,suicide
3965,3,suicide
3966,3,suicide
3967,3,suicide
3968,3,suicide
3969,3,suicide
3970,3,suicide
3971,3,suicide
3972,3,suicide
3973,3,suicide
3974,3,suicide
3975,3,suicide
3976,3,suicide
3977,3,suicide
3978,3,suicide
3979,3,suicide
3980,3,suicide
3981,3,suicide
3982,3,suicide
3983,3,suicide
3984,3,suicide
3985,3,suicide
3986,3,suicide
3987,3,suicide
3988,3,suicide
3989,3,suicide
3990,3,suicide
3991,3,suicide
3992,3,suicide
3993,3,suicide
3994,3,suicide
3995,3,suicide
3996,3,suicide
3997,3,suicide
3998,3,suicide
3999,3,suicide
4000,3,suicide
4001,3,suicide
4002,3,suicide
4003,3,suicide
4004,3,suicide
4005,3,suicide
4006,3,suicide
4007,3,suicide
4008,3,suicide
4009,3,suicide
4010,3,suicide
4011,3,suicide
4012,3,suicide
4013,3,suicide
4014,3,suicide
4015,3,suicide
4016,3,suicide
4017,3,suicide
4018,3,suicide
4019,3,suicide
4020,3,suicide
4021,3,suicide
4022,3,suicide
4023,3,suicide
4024,3,suicide
4025,3,suicide
4026,3,suicide
4027,3,suicide
4028,3,suicide
4029,3,suicide
4030,3,suicide
4031,3,suicide
4032,3,suicide
4033,3,suicide
4034,3,suicide
4035,3,suicide
4036,3,suicide
4037,3,suicide
4038,3,suicide
4039,3,suicide
4040,3,suicide
4041,3,suicide
4042,3,suicide
4043,3,suicide
4044,3,suicide
4045,3,suicide
4046,3,suicide
4047,3,suicide
4048,3,suicide
4049,3,suicide
4050,3,suicide
4051,3,suicide
4052,3,suicide
4053,3,suicide
4054,3,suicide
4055,3,suicide
4056,3,suicide
4057,3,suicide
4058,3,suicide
4059,3,suicide
4060,3,suicide
4061,3,suicide
4062,3,suicide
4063,3,suicide
4064,3,suicide
4065,3,suicide
4066,3,suicide
4067,3,suicide
4068,3,suicide
4069,3,suicide
4070,3,suicide
4071,3,suicide
4072,3,suicide
4073,3,suicide
4074,3,suicide
4075,3,suicide
4076,3,suicide
4077,3,suicide
4078,3,suicide
4079,3,suicide
4080,3,suicide
4081,3,suicide
4082,3,suicide
4083,3,suicide
4084,3,suicide
4085,3,suicide
4086,3,suicide
4087,3,suicide
4088,3,suicide
4089,3,suicide
4090,3,suicide
4091,3,suicide
4092,3,suicide
4093,3,suicide
4094,3,suicide
4095,3,suicide
4096,3,suicide
4097,3,suicide
4098,3,suicide
4099,3,suicide
4100,3,suicide
4101,3,suicide
4102,3,suicide
4103,3,suicide
4104,3,suicide
4105,3,suicide
4106,3,suicide
4107,3,suicide
4108,3,suicide
4109,3,suicide
4110,3,suicide
4111,3,suicide
4112,3,suicide
4113,3,suicide
4114,3,suicide
4115,3,suicide
4116,3,suicide
4117,3,suicide
4118,3,suicide
4119,3,suicide
4120,3,suicide
4121,3,suicide
4122,3,suicide
4123,3,suicide
4124,3,suicide
4125,3,suicide
4126,3,suicide
4127,3,suicide
4128,3,suicide
4129,3,suicide
4130,3,suicide
4131,3,suicide
4132,3,suicide
4133,3,suicide
4134,3,suicide
4135,3,suicide
4136,3,suicide
4137,3,suicide
4138,3,suicide
4139,3,suicide
4140,3,suicide
4141,3,suicide
4142,3,suicide
4143,3,suicide
4144,3,suicide
4145,3,suicide
4146,3,suicide
4147,3,suicide
4148,3,suicide
4149,3,suicide
4150,3,suicide
4151,3,suicide
4152,3,suicide
4153,3,suicide
4154,3,suicide
4155,3,suicide
4156,3,suicide
4157,3,suicide
4158,3,suicide
4159,3,suicide
4160,3,suicide
4161,3,suicide
4162,3,suicide
4163,3,suicide
4164,3,suicide
4165,3,suicide
4166,3,suicide
4167,3,suicide
4168,3,suicide
4169,3,suicide
4170,3,suicide
4171,3,suicide
4172,3,suicide
4173,3,suicide
4174,3,suicide
4175,3,suicide
4176,3,suicide
4177,3,suicide
4178,3,suicide
4179,3,suicide
4180,3,suicide
4181,3,suicide
4182,3,suicide
4183,3,suicide
4184,3,suicide
4185,3,suicide
4186,3,suicide
4187,3,suicide
4188,3,suicide
4189,3,suicide
4190,3,suicide
4191,3,suicide
4192,3,suicide
4193,3,suicide
4194,3,suicide
4195,3,suicide
4196,3,suicide
4197,3,suicide
4198,3,suicide
4199,3,suicide
4200,3,suicide
